CodigoMunicipio,MunicipioResidencia,Total_casos_dengue,POP_TOT,PIB_PER_CAPITA,IDH-M,GINI,IN055_AE,IN056_AE,IN024_AE,IN015_AE,IN022_AE,IN049_AE,IN016_AE,IN015_RS,Índice de pavimentação das vias públicas,CS001,Msau28,Mgrd06,Mgrd08,Mgrd11,IndiceSurto,Surto
350010,ADAMANTINA,185,34687,38997.12,0.79,0.515,100.0,99.89,100.0,100.0,188.1,23.85,100.0,97.43,98.46,SIM,Sim,Sim,Sim,Não,533.3410211318361,True
350020,ADOLFO,185,4351,32578.28,0.73,0.411,76.14,76.05,100.0,100.0,204.1,9.72,100.0,89.63,97.32,SIM,Sim,Não,Não,Não,4251.89611583544,True
350030,AGUAI,598,32072,35551.7,0.715,0.48,99.41,97.58,99.36,83.86,127.3,66.99,50.47,88.77,99.08,NAO,Sim,Não,Não,Sim,1864.554751808431,True
350040,AGUAS DA PRATA,265,7369,25297.02,0.781,0.531,100.0,98.01,100.0,95.16,201.7,35.38,99.74,96.01,87.2,SIM,Não,Não,Não,Não,3596.146017098657,True
350050,AGUAS DE LINDOIA,1362,17930,30971.23,0.745,0.461,100.0,99.39,100.0,86.91,216.6,40.03,87.34,98.57,99.16,SIM,Sim,Sim,Sim,Sim,7596.207473508088,True
350055,AGUAS DE SANTA BARBARA,692,7177,35378.64,0.757,0.495,72.2,50.01,74.11,73.33,221.3,37.34,100.0,99.18,81.63,NAO,Sim,Não,Não,Sim,9641.911662254424,True
350060,AGUAS DE SAO PEDRO,160,2780,41208.23,0.854,0.544,100.0,100.0,92.5,95.93,473.9,18.95,100.0,100.0,96.97,SIM,Sim,Não,Não,Não,5755.395683453237,True
350070,AGUDOS,714,37680,70209.74,0.745,0.431,92.59,91.71,100.0,100.0,178.5,33.91,100.0,99.59,92.18,SIM,Sim,Sim,Sim,Não,1894.904458598726,True
350075,ALAMBARI,132,6141,20765.46,0.712,0.445,72.33,44.73,65.53,65.25,173.4,27.06,100.0,99.1,71.96,NAO,Sim,Não,Não,Não,2149.4870542256963,True
350080,ALFREDO MARCONDES,40,4445,28649.11,0.741,0.364,82.99,75.12,100.0,100.0,194.7,17.7,100.0,88.39,82.91,SIM,Sim,Não,Não,Não,899.8875140607425,True
350090,ALTAIR,119,3451,26662.17,0.687,0.424,82.61,81.43,100.0,96.86,166.4,10.95,100.0,,93.75,NAO,Sim,Não,Sim,Sim,3448.2758620689656,True
350100,ALTINOPOLIS,592,16818,51377.61,0.73,0.447,87.51,87.51,100.0,85.73,219.0,42.7,100.0,89.19,96.9,SIM,Sim,Não,Não,Não,3520.038054465454,True
350110,ALTO ALEGRE,15,3841,27853.08,0.7,0.364,76.0,74.85,100.0,99.99,175.2,12.85,100.0,100.0,97.26,SIM,Sim,Não,Não,Não,390.5233012236397,True
350115,ALUMINIO,1061,17301,210670.96,0.766,0.429,74.89,56.73,72.87,61.01,163.4,43.87,100.0,99.24,99.4,SIM,Não,Não,Não,Sim,6132.593491705682,True
350120,ALVARES FLORENCE,398,3915,34389.1,0.728,0.417,67.36,67.36,96.62,68.42,197.2,7.59,100.0,67.36,97.95,NAO,Sim,Não,Não,Não,10166.02809706258,True
350130,ALVARES MACHADO,56,27255,28306.72,0.758,0.466,85.76,83.43,100.0,100.0,177.8,20.42,100.0,100.0,80.14,SIM,Sim,Não,Não,Não,205.46688680975967,False
350140,ALVARO DE CARVALHO,48,4808,11012.49,0.688,0.387,71.13,92.01,100.0,99.99,129.4,11.94,100.0,83.19,98.13,SIM,Não,Não,Não,Não,998.3361064891848,True
350150,ALVINLANDIA,403,2885,17965.24,0.722,0.533,95.81,94.35,100.0,100.0,139.8,26.02,100.0,100.0,99.15,SIM,Sim,Não,Não,Não,13968.804159445408,True
350160,AMERICANA,4901,237240,62271.47,0.811,0.469,100.0,100.0,100.0,100.0,178.9,53.31,81.9,99.53,98.35,SIM,Não,Sim,Sim,Não,2065.840499072669,True
350170,AMERICO BRASILIENSE,615,33019,29617.13,0.751,0.397,100.0,100.0,99.52,100.0,243.1,10.0,0.0,96.17,98.8,NAO,Sim,Não,Não,Não,1862.5639783155157,True
350180,AMERICO DE CAMPOS,262,5870,21158.4,0.745,0.437,87.53,87.53,99.92,70.99,296.0,7.5,100.0,85.18,99.64,SIM,Sim,Não,Não,Não,4463.373083475298,True
350190,AMPARO,2399,68008,70437.56,0.785,0.498,78.7,74.76,94.99,88.58,187.8,40.45,54.75,100.0,89.02,SIM,Sim,Não,Não,Não,3527.5261733913653,True
350200,ANALANDIA,844,4589,40726.1,0.754,0.533,79.17,79.17,98.84,100.0,32.2,50.55,100.0,79.17,86.66,NAO,Não,Não,Não,Não,18391.806493789496,True
350210,ANDRADINA,105,59783,49703.65,0.779,0.52,92.84,91.9,100.0,34.81,178.7,28.41,100.0,94.52,67.37,SIM,Sim,Não,Não,Não,175.63521402405365,False
350220,ANGATUBA,786,24022,57306.48,0.719,0.45,76.19,59.32,94.79,78.54,146.1,25.63,100.0,99.61,88.75,SIM,Sim,Não,Não,Não,3272.000666056115,True
350230,ANHEMBI,196,5674,24534.54,0.721,0.424,65.42,61.3,96.21,100.0,174.5,26.93,100.0,99.74,96.67,NAO,Sim,Não,Não,Não,3454.353189989425,True
350240,ANHUMAS,21,4023,25316.58,0.741,0.423,84.29,82.23,100.0,97.62,163.3,10.78,100.0,84.86,97.9,SIM,Sim,Não,Não,Não,521.9985085756898,True
350250,APARECIDA,924,32569,28750.03,0.755,0.486,99.63,86.68,87.0,58.19,204.1,48.86,0.0,100.0,94.25,NAO,Sim,Sim,Sim,Não,2837.053639964384,True
350260,APARECIDA D'OESTE,156,4086,36763.62,0.721,0.472,83.16,80.13,100.0,96.94,192.3,13.02,100.0,80.79,98.84,NAO,Sim,Não,Não,Não,3817.91483113069,True
350270,APIAI,280,24585,37278.88,0.71,0.556,66.5,49.27,77.57,71.51,147.2,18.93,100.0,98.54,59.68,SIM,Sim,Não,Não,Não,1138.905836892414,True
350275,ARACARIGUAMA,594,21522,206250.44,0.704,0.47,71.52,49.5,41.59,61.12,179.1,36.06,100.0,100.0,87.06,NAO,Não,Sim,Sim,Sim,2759.9665458600502,True
350280,ARACATUBA,2635,200124,45268.6,0.788,0.54,98.07,96.7,98.56,99.57,213.5,29.29,100.0,95.0,88.08,SIM,Sim,Sim,Sim,Sim,1316.6836561331972,True
350290,ARACOIABA DA SERRA,1185,32443,34075.1,0.776,0.533,100.0,43.03,48.45,27.65,184.3,21.8,100.0,100.0,47.84,SIM,Não,Não,Não,Não,3652.559874240977,True
350300,ARAMINA,20,5420,26415.31,0.74,0.43,99.98,99.98,100.0,81.22,581.2,40.08,100.0,93.47,95.97,NAO,Não,Não,Não,Não,369.0036900369004,True
350310,ARANDU,603,6885,30569.27,0.685,0.392,57.17,56.86,99.25,99.99,183.7,33.96,100.0,94.71,93.39,NAO,Sim,Não,Não,Não,8758.169934640522,True
350315,ARAPEI,133,2330,18584.03,0.68,0.398,78.07,63.56,100.0,82.41,141.4,24.95,100.0,100.0,90.02,NAO,Sim,Sim,Sim,Sim,5708.154506437768,True
350320,ARARAQUARA,2059,242228,49692.93,0.815,0.504,96.98,97.27,99.71,100.0,229.1,37.14,100.0,98.99,98.69,SIM,Sim,Sim,Não,Sim,850.0255957197351,True
350330,ARARAS,1910,130866,50772.4,0.781,0.482,98.23,98.23,97.3,100.0,210.2,46.52,100.0,100.0,99.24,SIM,Sim,Sim,Sim,Sim,1459.5081992266898,True
350335,ARCO-IRIS,30,2044,35382.28,0.722,0.408,50.05,49.61,100.0,100.0,199.8,5.84,100.0,57.0,99.73,NAO,Não,Não,Não,Sim,1467.7103718199608,True
350340,AREALVA,382,8130,26206.9,0.744,0.451,64.48,58.23,83.38,93.42,225.0,24.05,100.0,99.37,94.26,NAO,Sim,Não,Não,Não,4698.646986469865,True
350350,AREIAS,197,3577,14877.99,0.697,0.46,61.5,61.5,99.27,25.78,513.7,19.21,0.0,65.7,96.42,NAO,Sim,Não,Não,Não,5507.408442829186,True
350360,AREIOPOLIS,707,10130,14577.19,0.695,0.366,92.94,92.57,100.0,98.81,143.9,25.06,100.0,86.01,98.41,SIM,Sim,Não,Não,Não,6979.269496544916,True
350370,ARIRANHA,1166,7602,115410.74,0.733,0.403,95.37,95.37,,93.93,168.2,23.28,100.0,99.91,99.8,NAO,Sim,Não,Não,Não,15338.068929229152,True
350380,ARTUR NOGUEIRA,1693,51456,30610.29,0.749,0.471,100.0,89.86,97.96,68.69,151.5,30.11,100.0,95.0,90.52,NAO,Sim,Sim,Não,Não,3290.189676616916,True
350390,ARUJA,2093,86678,89703.63,0.784,0.577,97.36,74.47,77.59,51.96,162.4,24.59,100.0,96.0,95.35,SIM,Sim,Não,Não,Não,2414.684233600221,True
350395,ASPASIA,126,1842,21788.35,0.735,0.465,78.28,78.45,100.0,100.0,162.4,20.62,100.0,70.14,98.83,NAO,Sim,Não,Não,Não,6840.390879478828,True
350400,ASSIS,6721,101409,38598.78,0.805,0.504,99.3,99.13,100.0,95.72,180.3,17.81,100.0,97.08,98.6,SIM,Não,Sim,Não,Sim,6627.616878186354,True
350410,ATIBAIA,13363,158647,57512.36,0.765,0.551,82.06,56.2,81.41,96.17,166.1,49.5,83.7,98.0,68.57,SIM,Sim,Sim,Sim,Sim,8423.102863590235,True
350420,AURIFLAMA,201,13692,23409.76,0.773,0.474,95.06,92.55,100.0,98.31,171.8,20.23,100.0,,96.04,NAO,Sim,Não,Não,Não,1468.0105170902716,True
350430,AVAI,19,4483,68793.46,0.714,0.488,60.65,58.22,91.36,96.45,180.5,15.9,100.0,68.19,90.11,NAO,Sim,Não,Não,Não,423.82333258978366,True
350440,AVANHANDAVA,146,11263,14178.27,0.705,0.442,99.95,99.95,98.55,98.27,170.9,37.41,100.0,84.51,92.55,NAO,Sim,Não,Não,Não,1296.279854390482,True
350450,AVARE,5596,92805,35721.22,0.767,0.48,88.55,85.57,100.0,98.85,162.7,30.16,100.0,98.27,95.46,NAO,Sim,Sim,Sim,Sim,6029.847529766716,True
350460,BADY BASSITT,1606,27260,30636.12,0.746,0.367,92.61,92.61,100.0,51.6,201.0,0.06,100.0,92.61,98.5,NAO,Sim,Não,Não,Não,5891.415994130594,True
350470,BALBINOS,30,3887,10674.14,0.669,0.384,39.95,39.52,99.44,100.0,118.7,19.71,100.0,59.17,98.53,NAO,Não,Não,Não,Não,771.8034473887317,True
350480,BALSAMO,324,9596,30257.55,0.756,0.439,100.0,100.0,100.0,100.0,202.5,22.78,100.0,100.0,98.62,SIM,Sim,Não,Não,Não,3376.4068361817426,True
350490,BANANAL,655,9969,19568.66,0.733,0.515,74.49,72.09,95.16,88.94,147.5,25.47,100.0,77.56,84.92,NAO,Sim,Sim,Sim,Sim,6570.368141237836,True
350500,BARAO DE ANTONINA,76,3531,21264.23,0.711,0.477,60.66,49.45,100.0,96.0,145.2,26.78,100.0,100.0,97.53,NAO,Sim,Não,Não,Não,2152.364769187199,True
350510,BARBOSA,82,5640,14488.16,0.699,0.413,81.97,81.97,100.0,80.67,152.7,11.48,100.0,84.31,95.42,NAO,Sim,Não,Não,Não,1453.900709219858,True
350520,BARIRI,3329,31595,45290.86,0.75,0.431,99.97,99.97,100.0,80.0,192.1,29.42,100.0,94.84,99.44,SIM,Sim,Não,Não,Sim,10536.477290710554,True
350530,BARRA BONITA,971,34346,41955.79,0.788,0.454,100.0,100.0,100.0,72.13,223.2,16.81,20.05,100.0,98.78,SIM,Não,Não,Não,Não,2827.1123274908286,True
350535,BARRA DO CHAPEU,190,5179,23082.16,0.66,0.549,41.75,31.74,93.96,76.9,151.4,26.45,100.0,99.15,83.02,NAO,Sim,Não,Não,Não,3668.661903842441,True
350540,BARRA DO TURVO,98,6876,16542.32,0.641,0.504,35.76,31.94,91.26,94.81,158.5,31.34,100.0,72.72,69.53,SIM,Não,Não,Não,Não,1425.2472367655612,True
350550,BARRETOS,3802,122485,47783.95,0.789,0.489,95.36,95.32,100.0,80.0,205.5,28.31,100.0,94.53,97.67,SIM,Não,Não,Não,Não,3104.053557578479,True
350560,BARRINHA,1295,32092,18630.66,0.725,0.408,98.89,98.89,100.0,80.0,536.2,20.0,0.0,100.0,98.93,NAO,Não,Não,Não,Não,4035.273588433255,True
350570,BARUERI,4602,316473,207460.98,0.786,0.62,100.0,94.93,100.0,65.57,190.8,32.69,61.6,100.0,98.53,SIM,Não,Sim,Sim,Sim,1454.152486942014,True
350580,BASTOS,62,21503,50936.28,0.751,0.418,83.97,83.77,100.0,100.0,171.3,19.0,100.0,83.92,95.41,SIM,Sim,Não,Não,Sim,288.3318606706041,False
350590,BATATAIS,5621,58402,38097.08,0.761,0.5,89.86,89.61,99.72,80.83,402.9,11.76,99.9,89.86,98.94,NAO,Sim,Sim,Não,Não,9624.670388000412,True
350600,BAURU,15797,379146,43806.93,0.801,0.56,100.0,100.0,100.0,74.03,208.0,40.58,5.0,100.0,82.68,SIM,Sim,Sim,Sim,Sim,4166.46885368697,True
350610,BEBEDOURO,6795,76373,52575.43,0.78,0.508,100.0,100.0,100.0,80.0,208.6,31.07,45.0,94.46,99.37,NAO,Sim,Sim,Sim,Sim,8897.123328925143,True
350620,BENTO DE ABREU,116,2606,69504.55,0.744,0.385,96.66,96.05,100.0,100.0,157.8,18.26,100.0,95.24,98.73,NAO,Sim,Não,Não,Não,4451.266308518802,True
350630,BERNARDINO DE CAMPOS,1000,11607,33842.25,0.734,0.456,86.62,86.02,100.0,100.0,154.5,18.61,100.0,100.0,94.04,NAO,Não,Não,Não,Sim,8615.490652192642,True
350635,BERTIOGA,2208,64188,31255.51,0.73,0.492,82.52,63.33,60.08,68.81,245.2,32.75,100.0,98.93,17.97,SIM,Sim,Sim,Sim,Sim,3439.8953075341187,True
350640,BILAC,253,7319,35693.15,0.768,0.431,91.84,91.84,98.01,100.0,161.8,25.86,0.0,91.84,94.66,SIM,Sim,Não,Não,Não,3456.7563874846287,True
350650,BIRIGUI,4090,118979,31305.12,0.78,0.429,100.0,90.14,100.0,80.0,229.3,47.96,100.0,35.3,90.69,NAO,Sim,Sim,Sim,Sim,3437.5814219316017,True
350660,BIRITIBA-MIRIM,2005,29683,29190.32,0.712,0.538,53.84,49.04,57.4,69.04,137.3,29.63,99.79,96.18,63.68,SIM,Sim,Sim,Sim,Sim,6754.708082067176,True
350670,BOA ESPERANCA DO SUL,229,12978,25197.09,0.681,0.444,77.05,77.05,,85.71,95.9,63.16,66.67,98.03,99.54,NAO,Sim,Não,Não,Não,1764.5245800585606,True
350680,BOCAINA,181,11259,22429.71,0.742,0.434,95.51,92.43,100.0,99.86,174.8,31.33,100.0,98.28,97.12,NAO,Sim,Não,Não,Não,1607.6028066435742,True
350690,BOFETE,397,10460,17546.39,0.705,0.473,49.5,44.12,83.17,93.65,181.9,15.64,100.0,95.06,86.75,NAO,Não,Sim,Sim,Sim,3795.411089866157,True
350700,BOITUVA,4935,61081,53597.04,0.78,0.494,84.38,73.41,88.42,86.85,180.7,14.19,100.0,100.0,92.6,SIM,Sim,Sim,Sim,Sim,8079.435503675447,True
350710,BOM JESUS DOS PERDOES,827,22006,55196.42,0.713,0.491,98.6,97.13,89.42,80.0,134.9,39.76,12.84,100.0,84.52,NAO,Não,Sim,Sim,Não,3758.065982004908,True
350715,BOM SUCESSO DE ITARARE,10,3555,15912.41,0.66,0.446,63.35,60.28,92.86,99.95,121.1,34.07,100.0,99.97,88.11,NAO,Sim,Não,Não,Não,281.29395218002816,False
350720,BORA,64,907,88432.72,0.746,0.4,80.6,80.37,100.0,100.0,163.6,11.55,100.0,96.58,100.0,SIM,Sim,Não,Não,Não,7056.229327453142,True
350730,BORACEIA,485,4715,105669.34,0.754,0.388,91.22,91.11,100.0,100.0,180.8,19.34,100.0,89.76,98.59,NAO,Sim,Não,Não,Não,10286.320254506894,True
350740,BORBOREMA,457,14226,31833.29,0.73,0.428,93.95,91.38,100.0,100.0,194.9,39.38,90.0,93.95,98.38,SIM,Sim,Não,Não,Não,3212.427948826093,True
350745,BOREBI,59,2713,27255.19,0.705,0.399,100.0,87.5,98.9,55.16,180.6,0.7,100.0,100.0,93.8,SIM,Sim,Não,Não,Não,2174.714338370807,True
350750,BOTUCATU,16323,145155,39937.48,0.8,0.556,97.55,92.5,100.0,92.08,182.2,33.01,100.0,100.0,92.97,SIM,Sim,Sim,Sim,Sim,11245.220626227136,True
350760,BRAGANCA PAULISTA,13003,176811,46153.09,0.776,0.527,86.04,79.57,94.16,70.81,175.3,19.25,100.0,99.54,96.55,SIM,Sim,Sim,Não,Sim,7354.180452573652,True
350770,BRAUNA,23,5356,20826.02,0.737,0.433,88.97,87.47,100.0,91.0,176.9,10.61,100.0,87.47,98.35,SIM,Sim,Não,Não,Não,429.4249439880508,True
350775,BREJO ALEGRE,84,2565,25996.26,0.71,0.398,85.89,71.46,92.92,83.17,165.4,15.09,100.0,99.84,97.81,NAO,Sim,Não,Não,Não,3274.853801169591,True
350780,BRODOWSKI,2592,25201,34947.5,0.755,0.445,100.0,100.0,100.0,93.62,253.5,8.31,100.0,98.1,98.53,NAO,Sim,Não,Não,Não,10285.306138645292,True
350790,BROTAS,2027,23898,45209.02,0.74,0.42,99.38,99.38,100.0,84.07,209.2,25.55,100.0,85.66,93.42,SIM,Sim,Não,Não,Não,8481.881328981506,True
350800,BURI,350,20250,34121.21,0.667,0.513,85.34,77.48,100.0,96.44,129.5,33.19,100.0,96.3,86.89,NAO,Sim,Não,Não,Sim,1728.395061728395,True
350810,BURITAMA,347,17210,36037.97,0.763,0.447,99.62,99.62,99.96,81.36,223.7,17.01,100.0,99.94,94.09,NAO,Sim,Não,Sim,Não,2016.2696106914584,True
350820,BURITIZAL,82,4356,53769.11,0.735,0.466,80.12,79.73,100.0,100.0,179.1,27.78,100.0,94.12,99.73,NAO,Sim,Não,Não,Não,1882.4609733700645,True
350830,CABRALIA PAULISTA,126,4299,24368.03,0.694,0.405,98.37,98.37,100.0,100.0,140.3,29.62,100.0,85.37,88.1,NAO,Sim,Não,Não,Não,2930.914166085136,True
350840,CABREUVA,1116,47011,116591.7,0.738,0.423,75.9,69.0,79.23,81.12,175.5,28.21,100.0,100.0,75.8,SIM,Sim,Sim,Não,Sim,2373.912488566505,True
350850,CACAPAVA,9738,96202,54458.95,0.788,0.511,90.93,81.78,100.0,82.31,173.9,30.81,99.2,98.0,79.98,SIM,Sim,Sim,Sim,Não,10122.450676701108,True
350860,CACHOEIRA PAULISTA,1757,31564,19914.05,0.764,0.528,81.19,77.4,100.0,83.96,164.8,29.92,100.0,100.0,97.57,NAO,Sim,Não,Não,Não,5566.46812824737,True
350870,CACONDE,1325,17101,30182.07,0.72,0.501,77.32,77.32,97.53,50.0,111.5,73.1,0.0,67.56,95.59,NAO,Sim,Sim,Não,Não,7748.084907315361,True
350880,CAFELANDIA,366,16654,38094.8,0.742,0.476,93.46,93.46,100.0,97.39,235.9,17.77,0.0,85.95,95.5,NAO,Sim,Não,Não,Não,2197.6702293743247,True
350890,CAIABU,98,3712,16640.38,0.729,0.382,85.32,76.29,100.0,92.14,160.7,15.48,100.0,81.41,65.0,NAO,Sim,Não,Não,Não,2640.086206896552,True
350900,CAIEIRAS,3484,95032,46700.03,0.781,0.48,94.24,85.88,80.59,63.74,134.0,28.18,29.06,100.0,98.42,SIM,Sim,Sim,Sim,Não,3666.1335129219633,True
350910,CAIUA,8,5466,15997.16,0.697,0.464,73.18,25.01,100.0,56.25,495.0,37.14,0.0,58.21,95.06,SIM,Sim,Não,Não,Não,146.35931211123307,False
350920,CAJAMAR,2095,92689,287384.67,0.728,0.49,89.45,80.57,95.4,60.91,161.3,34.28,0.72,100.0,82.37,NAO,Sim,Sim,Sim,Sim,2260.2466312075867,True
350925,CAJATI,1022,28515,61714.65,0.694,0.484,74.65,66.1,96.13,83.18,153.4,30.51,100.0,96.24,76.66,SIM,Sim,Sim,Sim,Sim,3584.0785551464137,True
350930,CAJOBI,90,9133,16049.99,0.734,0.407,94.7,94.7,98.52,86.59,198.1,7.3,0.0,93.46,99.38,NAO,Sim,Não,Não,Não,985.43742472353,True
350940,CAJURU,360,23830,28623.2,0.713,0.404,83.83,80.56,100.0,92.71,163.8,25.17,100.0,89.03,97.89,NAO,Sim,Não,Não,Não,1510.7007973143095,True
350945,CAMPINA DO MONTE ALEGRE,726,5954,24817.17,0.717,0.495,80.75,68.21,91.19,92.42,168.1,22.03,100.0,90.7,80.69,SIM,Não,Não,Não,Não,12193.483372522673,True
350950,CAMPINAS,121969,1139047,59634.21,0.805,0.578,99.69,95.89,96.42,89.21,185.2,20.19,90.04,100.0,89.23,SIM,Sim,Sim,Sim,Sim,10707.9865887887,True
350960,CAMPO LIMPO PAULISTA,1365,77632,29291.03,0.769,0.435,79.56,67.77,64.72,79.53,153.1,33.04,100.0,100.0,89.18,SIM,Sim,Não,Sim,Sim,1758.295548227535,True
350970,CAMPOS DO JORDAO,148,46974,27503.81,0.749,0.591,65.91,57.83,54.27,84.09,337.4,15.08,100.0,96.17,68.9,NAO,Sim,Sim,Sim,Sim,315.06790990760845,True
350980,CAMPOS NOVOS PAULISTA,136,4888,38724.17,0.706,0.438,98.94,98.94,97.59,19.97,217.8,20.0,55.61,81.83,91.2,NAO,Não,Não,Sim,Não,2782.3240589198035,True
350990,CANANEIA,1496,12289,21082.0,0.72,0.501,76.34,70.81,89.52,85.21,201.8,33.62,100.0,92.91,70.1,SIM,Sim,Não,Não,Não,12173.488485637565,True
350995,CANAS,407,4931,24688.77,0.704,0.434,94.3,84.79,90.94,76.36,156.4,27.11,100.0,93.25,73.47,NAO,Sim,Não,Não,Não,8253.90387345366,True
351000,CANDIDO MOTA,1720,29449,48339.61,0.747,0.424,100.0,100.0,98.88,97.95,191.5,12.31,100.0,99.37,98.08,SIM,Sim,Não,Não,Não,5840.605793065978,True
351010,CANDIDO RODRIGUES,110,2889,38184.58,0.789,0.481,87.5,85.77,100.0,100.0,184.8,14.54,100.0,90.0,98.33,SIM,Sim,Não,Não,Não,3807.5458636206304,True
351015,CANITAR,130,6283,30627.93,0.68,0.406,91.21,91.21,,96.03,137.4,60.0,50.02,,78.01,NAO,Sim,Não,Não,Não,2069.075282508356,True
351020,CAPAO BONITO,545,46337,26945.89,0.721,0.501,80.03,70.6,100.0,90.33,126.4,25.03,100.0,81.69,88.63,SIM,Sim,Sim,Sim,Sim,1176.1659149275956,True
351030,CAPELA DO ALTO,1657,22866,18457.62,0.699,0.402,77.69,61.93,84.23,74.99,151.4,27.11,100.0,99.18,76.48,SIM,Sim,Não,Não,Sim,7246.566955304818,True
351040,CAPIVARI,2918,50068,52495.21,0.75,0.476,100.0,100.0,94.47,90.0,169.2,75.39,35.7,96.17,85.88,NAO,Sim,Sim,Sim,Sim,5828.073819605336,True
351050,CARAGUATATUBA,12779,134873,36201.7,0.759,0.52,86.23,78.06,73.85,85.76,224.9,29.54,100.0,98.28,63.93,SIM,Sim,Sim,Sim,Não,9474.839293261068,True
351060,CARAPICUIBA,6006,386984,16909.54,0.749,0.497,100.0,89.9,84.58,58.94,134.3,35.22,56.64,100.0,94.27,NAO,Sim,Sim,Sim,Sim,1552.0021499596885,True
351070,CARDOSO,546,11345,25957.47,0.722,0.436,93.93,89.81,100.0,100.0,188.4,12.38,100.0,90.44,92.54,NAO,Sim,Sim,Sim,Sim,4812.692816218599,True
351080,CASA BRANCA,1763,28083,38464.9,0.73,0.512,99.71,99.66,99.66,86.94,143.2,25.87,96.46,87.07,90.17,SIM,Sim,Não,Não,Não,6277.819321297583,True
351090,CASSIA DOS COQUEIROS,172,2799,117809.94,0.734,0.435,57.02,55.66,100.0,88.37,188.8,29.49,100.0,99.18,99.65,NAO,Sim,Não,Não,Não,6145.051804215791,True
351100,CASTILHO,81,19977,64508.48,0.731,0.48,75.18,71.66,100.0,86.65,149.4,13.28,100.0,86.0,88.26,SIM,Sim,Sim,Sim,Não,405.46628622916353,True
351110,CATANDUVA,7354,115791,42386.42,0.785,0.465,96.73,96.73,98.26,100.0,242.8,17.69,96.27,99.28,97.09,SIM,Sim,Sim,Sim,Sim,6351.098099161421,True
351120,CATIGUA,647,7003,19342.42,0.751,0.432,98.02,97.99,100.0,97.98,159.6,18.79,100.0,96.39,95.68,NAO,Sim,Sim,Sim,Não,9238.897615307726,True
351130,CEDRAL,590,12618,56401.2,0.766,0.436,74.75,74.75,98.88,100.0,239.9,15.77,100.0,74.75,92.31,NAO,Sim,Não,Não,Não,4675.859882707244,True
351140,CERQUEIRA CESAR,210,21469,46928.25,0.729,0.435,94.05,88.5,98.2,100.0,244.2,2.7,74.36,89.52,90.15,SIM,Sim,Não,Não,Não,978.15454841865,True
351150,CERQUILHO,1311,44695,46293.89,0.782,0.42,98.5,98.5,95.28,82.41,160.1,32.58,100.0,98.5,98.77,SIM,Sim,Sim,Sim,Não,2933.214006040944,True
351160,CESARIO LANGE,1055,19048,39826.25,0.706,0.438,77.29,61.41,100.0,79.27,164.7,11.72,100.0,98.76,94.97,NAO,Não,Sim,Sim,Sim,5538.639227215455,True
351170,CHARQUEADA,1154,15535,29370.12,0.736,0.406,98.4,78.37,92.61,69.96,164.5,40.91,98.3,90.12,92.19,SIM,Sim,Não,Não,Não,7428.38751206952,True
351190,CLEMENTINA,49,6982,20959.14,0.725,0.376,95.63,95.63,100.0,82.26,182.2,0.7,100.0,95.63,95.1,SIM,Sim,Não,Não,Não,701.8046405041536,True
351200,COLINA,1071,18486,82881.19,0.757,0.461,90.33,90.33,96.13,92.27,235.6,33.67,100.0,93.01,97.64,SIM,Sim,Não,Não,Não,5793.573515092502,True
351210,COLOMBIA,31,6629,59974.07,0.71,0.408,83.2,81.05,100.0,97.25,173.5,22.06,100.0,72.41,96.06,SIM,Não,Não,Não,Não,467.642178307437,True
351220,CONCHAL,115,28101,30159.5,0.708,0.448,94.84,100.0,99.49,93.78,313.0,2.49,95.58,99.6,95.45,NAO,Sim,Não,Não,Não,409.2381054055016,True
351230,CONCHAS,467,15232,23872.16,0.736,0.49,74.35,63.96,86.35,93.09,167.5,17.46,100.0,95.0,97.6,SIM,Sim,Sim,Não,Não,3065.9138655462184,True
351240,CORDEIROPOLIS,1136,24514,163554.17,0.758,0.453,97.41,100.0,100.0,73.05,163.0,45.42,100.0,100.0,99.04,SIM,Sim,Não,Não,Não,4634.0866443664845,True
351250,COROADOS,160,5400,35303.73,0.719,0.389,84.56,82.52,100.0,96.02,167.8,12.5,100.0,99.91,99.06,NAO,Sim,Não,Não,Não,2962.962962962963,True
351260,CORONEL MACEDO,283,4280,30746.6,0.69,0.46,79.88,73.29,100.0,99.98,120.5,30.71,100.0,86.68,99.84,SIM,Sim,Não,Não,Não,6612.14953271028,True
351270,CORUMBATAI,66,4195,84731.24,0.754,0.482,69.27,60.1,100.0,80.0,308.1,23.0,100.0,60.1,91.42,SIM,Sim,Não,Não,Não,1573.3015494636477,True
351280,COSMOPOLIS,2355,59773,28255.87,0.769,0.459,92.01,92.01,98.07,98.07,191.6,35.18,0.0,99.9,96.47,NAO,Sim,Não,Não,Sim,3939.9059776153113,True
351290,COSMORAMA,211,8719,69530.67,0.722,0.411,100.0,100.0,100.0,42.96,427.9,11.97,100.0,84.87,97.04,SIM,Sim,Não,Não,Não,2420.002293841037,True
351300,COTIA,5232,274413,62486.58,0.78,0.587,93.17,57.76,59.23,40.12,164.8,30.32,53.13,100.0,83.04,SIM,Sim,Sim,Sim,Sim,1906.6152113784697,True
351310,CRAVINHOS,2305,33281,48891.09,0.756,0.43,99.91,99.91,100.0,80.0,284.6,27.0,100.0,98.55,99.8,NAO,Sim,Não,Não,Não,6925.87362158589,True
351320,CRISTAIS PAULISTA,389,9272,39369.07,0.734,0.484,73.66,73.66,99.8,89.25,204.2,28.76,100.0,97.61,94.12,NAO,Sim,Não,Não,Não,4195.427092320966,True
351330,CRUZALIA,136,2108,68116.76,0.774,0.439,79.46,78.13,100.0,100.0,206.3,14.42,100.0,94.88,100.0,SIM,Sim,Não,Não,Não,6451.612903225806,True
351340,CRUZEIRO,914,74961,38390.41,0.788,0.54,100.0,98.27,100.0,99.67,152.1,60.61,6.85,100.0,90.18,SIM,Sim,Sim,Sim,Sim,1219.3007030322435,True
351350,CUBATAO,359,112476,165607.5,0.737,0.472,85.89,58.79,54.14,52.86,176.5,45.92,100.0,100.0,98.97,NAO,Sim,Sim,Sim,Sim,319.1792026743483,True
351360,CUNHA,592,22110,15269.84,0.684,0.548,55.68,28.2,52.42,42.76,296.5,0.0,50.0,55.68,92.83,NAO,Sim,Não,Não,Não,2677.521483491633,True
351370,DESCALVADO,2543,31756,61036.51,0.76,0.457,97.21,97.21,100.0,67.53,283.9,28.75,100.0,89.68,97.7,NAO,Sim,Sim,Sim,Sim,8007.935508250409,True
351380,DIADEMA,11939,393237,43031.91,0.757,0.459,100.0,97.49,100.0,77.01,137.8,33.71,72.22,100.0,93.96,SIM,Sim,Sim,Não,Sim,3036.082565984381,True
351385,DIRCE REIS,285,1620,38685.19,0.741,0.378,80.0,77.35,100.0,100.0,190.1,10.77,100.0,100.0,99.78,NAO,Sim,Não,Não,Não,17592.59259259259,True
351390,DIVINOLANDIA,185,11158,44568.55,0.734,0.483,60.75,56.45,100.0,83.66,184.9,19.99,87.89,89.62,92.45,NAO,Sim,Não,Sim,Não,1658.0032263846567,True
351400,DOBRADA,176,8759,15286.82,0.718,0.387,97.84,97.84,100.0,79.95,358.2,19.18,100.0,97.84,99.83,NAO,Sim,Não,Não,Não,2009.3617992921563,True
351410,DOIS CORREGOS,4338,24510,30150.85,0.725,0.472,98.61,98.61,99.63,99.27,163.5,52.63,100.0,93.37,92.89,SIM,Sim,Não,Não,Não,17698.89840881273,True
351420,DOLCINOPOLIS,83,2207,27963.37,0.742,0.363,93.34,91.57,100.0,99.99,188.9,16.64,100.0,100.0,99.85,NAO,Sim,Não,Não,Não,3760.761214318079,True
351430,DOURADO,152,8096,90318.49,0.738,0.379,94.44,92.69,100.0,98.06,183.2,29.26,100.0,92.95,99.12,NAO,Sim,Não,Não,Não,1877.4703557312253,True
351440,DRACENA,146,45474,30557.62,0.776,0.447,99.5,91.89,100.0,96.0,169.8,23.04,100.0,91.89,97.45,SIM,Sim,Não,Sim,Sim,321.06258521352856,True
351450,DUARTINA,147,12328,20338.59,0.748,0.432,80.93,80.39,100.0,99.99,157.6,24.11,100.0,89.77,99.42,NAO,Sim,Não,Não,Não,1192.4075275794935,True
351460,DUMONT,1078,9471,33647.69,0.744,0.391,100.0,100.0,,80.0,171.1,38.0,100.0,96.51,97.43,NAO,Não,Não,Não,Não,11382.113821138211,True
351470,ECHAPORA,62,6205,25295.64,0.745,0.542,84.56,82.21,100.0,97.62,166.5,19.83,100.0,77.34,98.14,SIM,Sim,Não,Não,Sim,999.194198227236,True
351480,ELDORADO,548,13069,21122.95,0.691,0.504,47.52,46.75,98.37,94.5,160.6,23.93,100.0,82.03,86.52,SIM,Sim,Sim,Sim,Sim,4193.128778024333,True
351490,ELIAS FAUSTO,899,17699,55521.14,0.695,0.434,75.43,73.99,100.0,100.0,170.2,19.93,100.0,100.0,90.57,NAO,Sim,Não,Não,Não,5079.383015989604,True
351492,ELISIARIO,351,3138,20323.57,0.747,0.334,100.0,100.0,100.0,90.31,133.5,48.59,100.0,100.0,98.56,NAO,Sim,Não,Não,Não,11185.46845124283,True
351495,EMBAUBA,127,2323,23385.21,0.73,0.366,100.0,100.0,,92.42,140.4,0.84,100.0,,100.0,NAO,Não,Não,Não,Não,5467.068445975033,True
351500,EMBU DAS ARTES,5472,250691,51258.86,0.735,0.49,100.0,84.78,81.27,56.32,129.6,31.47,84.65,100.0,91.15,SIM,Não,Sim,Sim,Sim,2182.76683247504,True
351510,EMBU-GUACU,1605,66970,20683.01,0.749,0.516,71.16,39.34,41.88,37.94,129.4,42.11,100.0,93.24,71.67,NAO,Não,Sim,Sim,Sim,2396.5954905181425,True
351512,EMILIANOPOLIS,14,3014,24451.77,0.727,0.385,76.05,75.98,100.0,97.56,175.6,13.51,100.0,82.35,100.0,SIM,Sim,Não,Não,Não,464.49900464499,True
351515,ENGENHEIRO COELHO,724,19566,30446.44,0.732,0.459,100.0,100.0,100.0,100.0,114.3,48.53,0.0,75.21,99.66,NAO,Sim,Não,Não,Não,3700.296432587141,True
351518,ESPIRITO SANTO DO PINHAL,4202,39816,46311.65,0.787,0.573,88.65,87.59,100.0,95.47,170.5,39.85,100.0,100.0,98.23,SIM,Não,Não,Não,Não,10553.546313039984,True
351519,ESPIRITO SANTO DO TURVO,118,4157,18630.23,0.696,0.386,85.25,85.25,99.41,97.91,157.3,33.87,100.0,98.51,94.74,SIM,Não,Não,Não,Não,2838.585518402694,True
351520,ESTRELA D'OESTE,895,9417,89460.5,0.76,0.397,82.88,81.63,100.0,98.43,173.9,10.71,100.0,99.87,99.73,NAO,Sim,Não,Não,Não,9504.088350854838,True
351530,ESTRELA DO NORTE,19,2703,22511.33,0.74,0.439,77.73,76.62,100.0,99.97,158.7,16.13,100.0,75.84,98.06,SIM,Sim,Sim,Sim,Sim,702.9226785053644,True
351535,EUCLIDES DA CUNHA PAULISTA,18,7924,14708.88,0.704,0.457,72.96,62.67,95.71,96.02,144.3,18.96,100.0,,84.97,NAO,Sim,Não,Não,Sim,227.15800100959112,False
351540,FARTURA,1581,16641,29419.47,0.732,0.435,71.75,70.84,100.0,93.48,162.8,26.21,100.0,96.15,97.66,SIM,Não,Não,Não,Não,9500.630971696412,True
351550,FERNANDOPOLIS,2772,71186,35430.06,0.797,0.494,96.61,95.95,100.0,98.71,202.7,12.67,100.0,97.81,95.04,SIM,Sim,Sim,Sim,Sim,3894.024105863512,True
351560,FERNANDO PRESTES,150,5942,35416.65,0.758,0.418,89.55,88.4,100.0,99.99,180.5,14.74,100.0,84.65,97.81,NAO,Sim,Não,Não,Não,2524.402558061259,True
351565,FERNAO,26,1656,46552.1,0.703,0.408,54.77,53.8,100.0,99.97,163.7,12.22,100.0,93.96,100.0,SIM,Sim,Não,Não,Não,1570.048309178744,True
351570,FERRAZ DE VASCONCELOS,8814,179198,23863.13,0.738,0.456,96.97,90.35,90.51,67.47,123.8,24.96,57.94,100.0,95.15,NAO,Sim,Sim,Sim,Sim,4918.5816805991135,True
351580,FLORA RICA,18,1487,30176.19,0.727,0.418,82.25,81.3,100.0,99.95,176.1,20.11,100.0,99.87,98.24,NAO,Sim,Não,Não,Não,1210.4909213180902,True
351590,FLOREAL,19,2733,28393.24,0.747,0.376,77.46,76.88,100.0,100.0,179.6,20.99,100.0,89.72,99.78,SIM,Sim,Não,Não,Não,695.2067325283571,True
351600,FLORIDA PAULISTA,62,12958,17731.75,0.715,0.429,93.73,92.08,90.47,100.0,150.9,5.49,100.0,100.0,90.89,SIM,Sim,Não,Não,Não,478.4688995215311,True
351610,FLORINIA,242,3851,65354.84,0.713,0.494,76.14,74.34,100.0,99.54,255.5,20.77,100.0,93.48,98.69,SIM,Sim,Não,Não,Sim,6284.082056608672,True
351620,FRANCA,10445,352536,31450.1,0.78,0.467,96.95,96.27,100.0,97.3,165.1,25.8,100.0,98.24,98.22,SIM,Sim,Sim,Sim,Sim,2962.8179817096693,True
351630,FRANCISCO MORATO,4471,165139,10439.01,0.703,0.436,90.41,69.56,49.59,40.47,111.8,46.36,0.19,98.76,67.59,NAO,Não,Sim,Sim,Sim,2707.416176675407,True
351640,FRANCO DA ROCHA,14225,144849,27126.51,0.731,0.465,92.48,81.47,73.46,56.3,135.1,32.52,3.41,100.0,86.41,NAO,Sim,Sim,Sim,Sim,9820.571767840993,True
351650,GABRIEL MONTEIRO,18,2763,33755.37,0.763,0.374,83.64,82.56,100.0,99.47,180.4,16.59,100.0,83.24,99.62,SIM,Sim,Não,Não,Não,651.4657980456026,True
351660,GALIA,127,6380,26907.52,0.709,0.427,74.59,73.21,100.0,99.98,171.7,23.15,100.0,94.89,99.89,SIM,Sim,Sim,Sim,Não,1990.5956112852664,True
351670,GARCA,1931,42110,38831.12,0.769,0.508,89.36,89.36,100.0,75.52,180.4,32.85,100.0,94.99,95.33,SIM,Não,Não,Não,Não,4585.609118974116,True
351680,GASTAO VIDIGAL,36,3252,17476.7,0.723,0.43,83.98,83.06,91.25,100.0,144.3,15.46,100.0,99.45,99.74,SIM,Sim,Não,Não,Não,1107.011070110701,True
351685,GAVIAO PEIXOTO,283,4702,244615.79,0.719,0.361,99.7,80.67,100.0,84.44,208.2,46.11,100.0,99.7,99.54,SIM,Sim,Não,Não,Não,6018.715440238197,True
351690,GENERAL SALGADO,193,10312,25343.09,0.747,0.459,92.47,87.51,100.0,100.0,178.5,15.09,100.0,85.06,98.1,NAO,Sim,Sim,Sim,Sim,1871.6058960434443,True
351700,GETULINA,452,10232,18806.06,0.717,0.471,75.74,73.88,97.85,100.0,296.4,40.77,90.0,92.85,89.14,SIM,Sim,Não,Não,Não,4417.513682564503,True
351710,GLICERIO,92,4138,25880.65,0.735,0.522,58.05,56.96,90.97,100.0,223.0,18.23,100.0,73.54,98.1,NAO,Sim,Não,Não,Não,2223.2962783953603,True
351720,GUAICARA,373,11239,18704.97,0.739,0.378,100.0,100.0,100.0,97.39,174.4,9.29,100.0,99.78,80.55,NAO,Sim,Não,Não,Não,3318.8006050360354,True
351730,GUAIMBE,62,5512,76293.81,0.728,0.406,96.88,96.88,99.13,95.77,351.2,0.0,100.0,86.21,81.56,SIM,Sim,Não,Não,Sim,1124.8185776487662,True
351740,GUAIRA,1195,39279,65519.59,0.753,0.521,100.0,100.0,100.0,100.0,244.6,38.97,100.0,99.87,99.54,NAO,Não,Não,Não,Não,3042.338145064793,True
351750,GUAPIACU,805,21711,40585.65,0.725,0.424,99.78,99.78,99.82,85.02,191.5,19.78,100.0,88.26,95.41,SIM,Sim,Não,Não,Não,3707.7978904702686,True
351760,GUAPIARA,230,17071,25989.08,0.675,0.566,57.93,34.92,89.6,56.53,131.0,30.93,93.2,64.48,95.7,SIM,Sim,Sim,Sim,Sim,1347.3141585144397,True
351770,GUARA,133,18606,28896.21,0.718,0.491,84.82,84.82,98.17,80.0,183.6,47.7,100.0,100.0,99.62,SIM,Sim,Não,Não,Não,714.8231753197894,True
351780,GUARACAI,267,7441,39546.1,0.719,0.43,77.85,77.85,100.0,92.97,264.2,13.95,100.0,77.85,94.31,SIM,Sim,Não,Não,Não,3588.227388791829,True
351790,GUARACI,397,10350,32986.54,0.737,0.418,99.97,99.97,99.17,77.99,207.4,41.01,100.0,89.46,96.67,NAO,Sim,Não,Não,Não,3835.748792270531,True
351800,GUARANI D'OESTE,190,1968,18556.87,0.732,0.41,88.16,85.01,100.0,100.0,185.5,12.11,100.0,87.2,98.39,SIM,Sim,Sim,Não,Não,9654.471544715449,True
351810,GUARANTA,308,6427,29367.05,0.713,0.491,100.0,100.0,100.0,100.0,418.0,7.32,92.68,100.0,99.88,NAO,Sim,Não,Não,Não,4792.282557958612,True
351820,GUARARAPES,1921,31043,36072.94,0.763,0.433,99.92,92.47,99.53,99.63,181.3,38.1,100.0,92.47,98.42,SIM,Sim,Sim,Sim,Sim,6188.190574364591,True
351830,GUARAREMA,1112,31236,50771.09,0.731,0.506,65.62,50.44,61.06,64.86,161.4,35.74,100.0,99.0,64.67,SIM,Não,Sim,Não,Não,3559.994877705212,True
351840,GUARATINGUETA,7449,118044,63948.0,0.798,0.548,98.69,91.76,91.63,78.48,162.9,54.32,32.46,98.99,76.53,SIM,Sim,Sim,Não,Sim,6310.358849242654,True
351850,GUAREI,594,15013,16300.18,0.687,0.435,79.96,46.74,72.12,46.5,192.8,20.29,100.0,86.59,76.1,SIM,Não,Sim,Sim,Sim,3956.5709718244193,True
351860,GUARIBA,814,37498,27783.09,0.719,0.439,99.33,100.0,100.0,99.99,166.1,22.79,100.0,96.68,99.37,SIM,Não,Sim,Sim,Sim,2170.7824417302254,True
351870,GUARUJA,8650,287634,32292.29,0.751,0.519,88.18,72.11,70.02,69.86,204.0,40.26,100.0,100.0,74.12,SIM,Sim,Sim,Sim,Sim,3007.2939916699697,True
351880,GUARULHOS,80939,1291771,55084.22,0.763,0.535,99.14,91.07,92.29,70.45,126.9,47.0,19.33,100.0,90.28,SIM,Sim,Sim,Sim,Não,6265.739051271471,True
351885,GUATAPARA,140,7320,31618.94,0.743,0.522,100.0,74.59,100.0,42.44,474.1,10.03,30.0,88.8,87.66,NAO,Sim,Não,Não,Não,1912.568306010929,True
351890,GUZOLANDIA,179,4246,17505.62,0.697,0.418,93.36,91.29,100.0,100.0,153.4,16.68,100.0,99.81,97.02,SIM,Sim,Não,Não,Não,4215.732454074423,True
351900,HERCULANDIA,99,9125,36890.4,0.727,0.453,90.93,90.85,99.37,42.87,580.5,0.6,100.0,90.93,90.8,SIM,Sim,Não,Não,Não,1084.931506849315,True
351905,HOLAMBRA,1471,15094,93777.73,0.793,0.547,100.0,100.0,100.0,100.0,336.1,19.87,100.0,100.0,95.84,SIM,Não,Não,Não,Sim,9745.594275871206,True
351907,HORTOLANDIA,5024,236641,77357.5,0.756,0.425,93.15,91.73,100.0,93.52,154.6,26.17,100.0,100.0,83.87,SIM,Não,Sim,Não,Sim,2123.047147366686,True
351910,IACANGA,658,10437,54825.02,0.745,0.398,84.36,75.92,90.14,80.0,293.1,37.8,100.0,94.32,95.11,SIM,Sim,Não,Não,Não,6304.493628437291,True
351920,IACRI,115,6131,50533.65,0.733,0.445,80.95,79.5,100.0,99.99,165.9,21.69,100.0,78.85,99.45,NAO,Sim,Não,Não,Não,1875.713586690589,True
351925,IARAS,67,8010,17261.62,0.674,0.526,63.4,62.33,72.44,99.99,126.0,24.68,100.0,44.74,82.18,SIM,Sim,Não,Não,Não,836.4544319600499,True
351930,IBATE,824,32178,32354.27,0.703,0.4,95.68,95.68,100.0,100.0,159.5,19.23,100.0,95.68,98.77,SIM,Sim,Não,Não,Não,2560.755795885387,True
351940,IBIRA,490,11690,25170.21,0.74,0.49,94.42,93.16,100.0,94.8,195.9,14.2,100.0,57.25,94.27,SIM,Sim,Não,Não,Não,4191.616766467066,True
351950,IBIRAREMA,520,6385,30862.28,0.708,0.435,91.45,91.45,100.0,75.4,206.1,25.23,100.0,91.45,98.48,NAO,Sim,Não,Não,Não,8144.087705559906,True
351960,IBITINGA,1824,60033,32137.74,0.747,0.448,92.14,94.5,99.62,73.72,199.8,71.47,0.0,100.0,98.75,NAO,Sim,Não,Não,Não,3038.328919094498,True
351970,IBIUNA,1841,75605,29609.37,0.71,0.498,36.2,14.6,55.6,36.95,187.9,36.84,100.0,59.52,76.8,NAO,Sim,Sim,Sim,Sim,2435.024138615171,True
351980,ICEM,86,7819,25025.6,0.72,0.448,97.99,92.51,100.0,87.7,162.7,16.49,100.0,84.51,99.6,NAO,Sim,Não,Não,Não,1099.884895766722,True
351990,IEPE,47,7619,52789.96,0.736,0.463,88.53,85.31,90.54,48.29,432.9,9.96,100.0,97.13,91.59,NAO,Sim,Não,Não,Não,616.8788554928468,True
352000,IGARACU DO TIETE,1649,23106,15357.34,0.727,0.369,98.43,98.43,99.83,86.54,491.7,46.7,100.0,97.87,98.71,NAO,Sim,Não,Não,Não,7136.674456851035,True
352010,IGARAPAVA,84,26212,42208.35,0.768,0.675,95.26,95.26,100.0,94.16,172.2,24.5,100.0,91.56,94.96,NAO,Não,Não,Não,Não,320.4639096596979,True
352020,IGARATA,519,10605,24936.71,0.711,0.431,48.43,24.67,33.87,42.7,240.4,22.11,100.0,93.99,89.6,NAO,Não,Não,Não,Não,4893.917963224894,True
352030,IGUAPE,2438,29115,51053.14,0.726,0.561,58.62,52.95,59.24,83.58,194.3,22.87,100.0,85.99,77.77,NAO,Sim,Sim,Não,Sim,8373.690537523613,True
352040,ILHABELA,4198,34934,385605.85,0.756,0.497,74.87,53.11,40.41,54.44,333.1,17.87,100.0,100.0,77.31,SIM,Sim,Sim,Sim,Sim,12016.946241483942,True
352042,ILHA COMPRIDA,881,13419,118036.8,0.725,0.481,80.96,41.58,44.36,59.95,307.5,21.4,100.0,,13.21,NAO,Sim,Sim,Sim,Não,6565.317832923467,True
352044,ILHA SOLTEIRA,82,25549,26261.81,0.812,0.483,100.0,93.84,91.75,98.46,262.3,39.92,100.0,93.84,93.18,SIM,Sim,Sim,Não,Sim,320.95189635602173,True
352050,INDAIATUBA,6673,255748,87525.86,0.788,0.487,94.46,93.53,96.36,99.32,192.6,29.76,100.0,100.0,95.42,SIM,Não,Não,Não,Não,2609.2090651735302,True
352060,INDIANA,38,5090,17846.96,0.761,0.452,100.0,100.0,100.0,81.36,209.5,0.0,100.0,98.23,97.97,NAO,Sim,Não,Não,Não,746.5618860510805,True
352070,INDIAPORA,414,4035,28664.34,0.751,0.478,75.32,73.04,100.0,97.77,210.4,8.39,100.0,100.0,96.88,SIM,Sim,Não,Não,Não,10260.223048327138,True
352080,INUBIA PAULISTA,3,3615,33790.08,0.759,0.372,90.54,89.57,100.0,99.99,162.9,13.69,100.0,98.67,93.9,SIM,Sim,Não,Não,Não,82.98755186721992,False
352090,IPAUSSU,211,13712,32911.22,0.727,0.479,97.18,97.18,100.0,88.01,225.6,76.35,100.0,97.18,98.69,SIM,Sim,Sim,Não,Não,1538.7981330221703,True
352100,IPERO,507,36459,25010.8,0.719,0.414,71.76,55.21,89.25,67.92,145.7,32.11,100.0,100.0,82.74,SIM,Sim,Sim,Não,Sim,1390.603143256809,True
352110,IPEUNA,1042,6831,121154.37,0.753,0.47,94.98,94.98,92.87,67.1,193.2,24.02,100.0,94.98,99.23,NAO,Sim,Não,Não,Não,15253.989167032643,True
352115,IPIGUA,117,6761,22360.76,0.73,0.377,52.61,52.61,100.0,92.4,298.4,7.19,100.0,58.56,96.34,NAO,Sim,Não,Não,Não,1730.5132376867327,True
352120,IPORANGA,148,4046,15181.67,0.703,0.532,44.96,42.51,93.88,99.97,155.1,29.86,100.0,74.15,80.34,SIM,Sim,Não,Não,Não,3657.9337617399897,True
352130,IPUA,43,14454,26361.5,0.749,0.598,100.0,100.0,96.52,83.45,375.2,3.56,100.0,95.92,99.43,NAO,Sim,Não,Não,Não,297.495502974955,False
352140,IRACEMAPOLIS,1080,21967,85178.34,0.776,0.453,99.09,95.6,100.0,100.0,136.3,1.29,100.0,97.05,99.81,NAO,Sim,Não,Não,Não,4916.465607502162,True
352150,IRAPUA,402,6867,22987.71,0.713,0.364,86.09,85.58,100.0,98.84,174.0,5.82,100.0,89.98,99.7,NAO,Não,Não,Não,Não,5854.084753167322,True
352160,IRAPURU,43,7085,13115.75,0.712,0.447,70.5,70.5,100.0,63.75,278.4,46.12,100.0,97.78,80.39,SIM,Sim,Não,Não,Não,606.9160197600565,True
352170,ITABERA,768,17983,58380.87,0.693,0.515,68.28,59.63,100.0,87.27,130.3,28.55,100.0,88.97,93.55,SIM,Sim,Sim,Sim,Sim,4270.700105655341,True
352180,ITAI,1485,25180,33471.94,0.713,0.459,65.19,64.47,85.83,98.66,159.1,24.32,100.0,88.84,94.28,SIM,Sim,Não,Não,Sim,5897.537728355838,True
352190,ITAJOBI,483,16989,61001.88,0.73,0.393,82.61,82.61,100.0,80.0,243.6,4.68,100.0,82.61,99.08,NAO,Sim,Não,Não,Não,2843.0160692212608,True
352200,ITAJU,529,3618,58993.27,0.705,0.375,84.69,84.69,90.78,85.71,187.8,44.74,100.0,100.0,98.16,NAO,Sim,Não,Não,Não,14621.337755666114,True
352210,ITANHAEM,6401,112476,22704.86,0.745,0.514,90.38,51.99,47.08,58.23,223.8,34.41,100.0,95.96,51.33,SIM,Sim,Sim,Sim,Não,5690.991856040399,True
352215,ITAOCA,10,3422,16009.98,0.68,0.551,60.46,27.76,63.02,57.72,143.5,24.53,100.0,98.48,43.5,SIM,Sim,Não,Não,Não,292.22676797194623,False
352220,ITAPECERICA DA SERRA,5748,158522,27338.58,0.742,0.476,88.85,58.64,52.68,42.75,122.4,41.49,98.0,99.48,88.56,SIM,Sim,Não,Sim,Sim,3625.9951300135,True
352230,ITAPETININGA,5383,157790,38058.01,0.763,0.501,92.1,87.47,100.0,90.83,145.7,33.79,100.0,100.0,92.18,SIM,Sim,Sim,Sim,Sim,3411.4962925407185,True
352240,ITAPEVA,3384,89728,39783.21,0.732,0.539,86.13,75.95,100.0,88.06,133.4,41.75,100.0,100.0,94.01,NAO,Sim,Sim,Sim,Sim,3771.3980028530673,True
352250,ITAPEVI,1832,232297,52656.14,0.735,0.474,91.33,73.09,72.13,54.13,129.8,41.44,58.05,100.0,82.79,SIM,Sim,Sim,Sim,Sim,788.6455701106772,True
352260,ITAPIRA,10806,72022,62845.44,0.762,0.461,97.8,97.8,99.5,100.0,161.6,53.12,100.0,90.72,98.61,SIM,Sim,Não,Não,Sim,15003.748854516674,True
352265,ITAPIRAPUA PAULISTA,30,4306,12247.37,0.661,0.535,50.3,44.05,98.28,84.12,148.0,24.53,100.0,75.5,48.67,NAO,Sim,Não,Não,Não,696.7022758941013,True
352270,ITAPOLIS,201,39493,37459.11,0.744,0.454,99.81,99.81,99.92,89.04,215.7,21.73,100.0,96.22,99.25,NAO,Sim,Sim,Sim,Sim,508.95095333350207,True
352280,ITAPORANGA,747,14085,20103.59,0.719,0.536,75.44,63.2,96.89,93.82,139.3,24.43,100.0,93.72,85.56,SIM,Sim,Não,Sim,Não,5303.514376996805,True
352290,ITAPUI,660,13659,70205.57,0.725,0.423,99.97,99.97,100.0,100.0,174.9,24.38,49.95,95.51,93.55,SIM,Sim,Não,Não,Não,4831.978915001098,True
352300,ITAPURA,26,3979,20950.66,0.72,0.48,95.07,95.07,85.19,78.12,114.1,40.74,100.0,96.66,81.4,NAO,Sim,Não,Não,Não,653.4305101784369,True
352310,ITAQUAQUECETUBA,6515,369275,25112.29,0.714,0.456,95.75,73.1,73.22,53.05,124.9,30.56,20.41,100.0,76.74,NAO,Não,Sim,Sim,Sim,1764.2678220838127,True
352320,ITARARE,1663,44438,23286.15,0.703,0.489,92.19,85.58,93.25,92.94,134.4,29.36,100.0,94.51,69.05,SIM,Sim,Sim,Sim,Sim,3742.292632431703,True
352330,ITARIRI,120,15528,24725.72,0.677,0.526,38.93,31.61,46.66,72.65,198.9,29.44,100.0,71.7,63.37,NAO,Sim,Sim,Sim,Sim,772.7975270479135,True
352340,ITATIBA,6251,121590,66360.02,0.778,0.497,83.15,77.73,100.0,86.84,171.2,31.51,100.0,100.0,95.23,SIM,Sim,Sim,Não,Não,5141.04778353483,True
352350,ITATINGA,333,19070,18764.35,0.706,0.434,80.18,79.64,91.55,100.0,146.0,28.08,100.0,99.9,96.75,NAO,Sim,Sim,Não,Sim,1746.1982170949134,True
352360,ITIRAPINA,1254,16148,68413.96,0.724,0.487,90.24,99.55,83.67,100.0,182.3,30.4,100.0,100.0,88.09,SIM,Sim,Sim,Não,Não,7765.667574931879,True
352370,ITIRAPUA,188,5779,24568.81,0.707,0.442,83.53,78.79,100.0,91.88,146.4,26.59,100.0,98.63,99.86,SIM,Sim,Não,Não,Não,3253.157985810694,True
352380,ITOBI,257,8046,25230.99,0.717,0.409,78.56,77.08,100.0,91.65,167.2,27.2,100.0,88.06,83.08,NAO,Sim,Não,Não,Não,3194.133731046483,True
352390,ITU,13756,168240,59502.19,0.773,0.54,80.61,76.74,89.84,95.14,153.9,56.71,100.0,100.0,97.03,SIM,Não,Sim,Não,Não,8176.414645744175,True
352400,ITUPEVA,896,70616,130938.58,0.762,0.449,80.53,71.14,87.69,75.18,189.9,22.37,100.0,100.0,91.62,SIM,Sim,Não,Não,Não,1268.8342585249802,True
352410,ITUVERAVA,70,37571,45131.05,0.765,0.526,99.48,99.48,100.0,80.97,297.4,54.55,100.0,99.48,98.94,SIM,Não,Não,Sim,Sim,186.3139123259961,False
352420,JABORANDI,126,6221,22013.21,0.711,0.395,90.31,90.89,95.85,99.99,172.2,11.44,100.0,93.57,99.05,SIM,Sim,Não,Não,Sim,2025.3978460054648,True
352430,JABOTICABAL,1755,71821,46151.86,0.778,0.528,100.0,100.0,95.11,100.0,186.1,42.91,97.75,97.26,99.03,SIM,Sim,Sim,Sim,Sim,2443.574998955737,True
352440,JACAREI,33653,240275,67874.93,0.777,0.499,99.36,98.62,100.0,86.63,168.2,33.42,86.57,100.0,86.61,SIM,Sim,Sim,Não,Sim,14006.03475184684,True
352450,JACI,204,7613,92434.87,0.723,0.355,100.0,100.0,100.0,91.97,169.6,20.34,0.0,86.17,99.67,NAO,Sim,Não,Não,Não,2679.626953894654,True
352460,JACUPIRANGA,99,16097,29651.56,0.717,0.534,56.13,56.05,100.0,93.85,171.6,30.45,100.0,99.09,73.62,NAO,Sim,Sim,Sim,Sim,615.0214325650743,True
352470,JAGUARIUNA,9217,59347,233328.91,0.784,0.502,100.0,98.2,98.2,83.36,211.9,36.78,88.01,100.0,96.7,SIM,Sim,Sim,Sim,Sim,15530.692368611722,True
352480,JALES,962,48776,40212.72,0.776,0.464,96.64,95.47,100.0,100.0,196.5,17.06,100.0,94.08,98.19,SIM,Sim,Sim,Não,Não,1972.2814498933903,True
352490,JAMBEIRO,326,6397,51684.83,0.756,0.491,54.48,38.21,100.0,57.73,220.6,10.72,100.0,74.75,88.89,SIM,Sim,Não,Não,Não,5096.138815069564,True
352500,JANDIRA,1153,118045,38426.42,0.76,0.494,100.0,90.68,82.12,59.34,133.8,44.86,47.28,100.0,97.17,NAO,Sim,Sim,Sim,Sim,976.7461561269008,True
352510,JARDINOPOLIS,2752,45282,34708.42,0.735,0.508,100.0,100.0,100.0,79.78,130.3,26.66,0.0,96.06,97.95,NAO,Sim,Não,Não,Não,6077.470076410053,True
352520,JARINU,1875,37535,96153.71,0.733,0.466,58.69,29.96,38.18,53.52,181.6,26.05,100.0,100.0,23.1,NAO,Sim,Não,Sim,Não,4995.337684827495,True
352530,JAU,9550,133497,36376.16,0.778,0.464,96.9,96.9,100.0,93.97,183.9,33.53,100.0,99.14,98.56,NAO,Sim,Sim,Sim,Sim,7153.718810160528,True
352540,JERIQUARA,253,3863,53750.36,0.703,0.42,88.07,87.13,100.0,99.98,183.6,21.07,100.0,80.79,99.63,NAO,Sim,Não,Não,Não,6549.314004659591,True
352550,JOANOPOLIS,1771,12815,19442.33,0.699,0.443,67.26,63.27,66.45,71.97,191.7,19.61,97.85,100.0,96.1,SIM,Não,Não,Sim,Não,13819.742489270388,True
352560,JOAO RAMALHO,7,4371,32483.14,0.741,0.424,84.19,84.19,90.66,32.44,587.2,30.62,100.0,96.77,98.19,NAO,Sim,Não,Não,Não,160.14641958361932,False
352570,JOSE BONIFACIO,1192,36633,36644.42,0.777,0.456,95.0,91.0,99.1,84.03,342.2,28.9,100.0,95.54,98.71,NAO,Sim,Não,Não,Não,3253.896759752136,True
352580,JULIO MESQUITA,45,4254,12197.96,0.716,0.415,100.0,100.0,100.0,9.6,551.8,1.17,100.0,100.0,94.12,NAO,Sim,Não,Não,Não,1057.8279266572636,True
352585,JUMIRIM,24,3056,61724.71,0.741,0.397,99.87,99.87,96.97,72.22,160.0,16.67,100.0,57.92,87.6,NAO,Não,Não,Não,Não,785.3403141361256,True
352590,JUNDIAI,21652,443221,135081.2,0.822,0.544,99.63,98.79,99.5,98.4,204.4,31.87,100.0,99.98,94.18,SIM,Sim,Sim,Sim,Sim,4885.14759002845,True
352600,JUNQUEIROPOLIS,42,20448,38510.78,0.745,0.443,82.02,82.02,100.0,53.48,598.4,0.14,100.0,82.02,96.15,SIM,Sim,Não,Não,Não,205.39906103286387,False
352610,JUQUIA,109,17154,19673.56,0.7,0.495,56.31,50.38,90.67,81.3,163.6,30.51,100.0,90.43,72.81,NAO,Sim,Sim,Sim,Não,635.4203101317477,True
352620,JUQUITIBA,606,27404,18025.29,0.709,0.516,38.95,15.18,20.04,39.68,242.3,21.7,100.0,62.03,48.73,NAO,Sim,Sim,Sim,Sim,2211.35600642242,True
352630,LAGOINHA,361,5083,15150.97,0.693,0.486,45.56,44.74,100.0,100.0,161.4,29.15,100.0,64.67,87.76,NAO,Sim,Não,Não,Não,7102.105056069251,True
352640,LARANJAL PAULISTA,421,26261,48579.92,0.729,0.42,85.05,81.22,99.46,100.0,175.0,41.76,100.0,99.72,92.09,SIM,Sim,Sim,Sim,Não,1603.1377327596051,True
352650,LAVINIA,170,9689,14696.45,0.721,0.389,48.34,48.34,98.93,45.0,224.2,0.0,100.0,97.26,96.45,SIM,Sim,Não,Não,Não,1754.567034781711,True
352660,LAVRINHAS,267,7171,18111.28,0.729,0.581,88.38,76.32,83.32,72.56,153.5,22.82,100.0,97.62,90.4,NAO,Sim,Não,Não,Não,3723.330079486822,True
352670,LEME,4067,98161,38964.09,0.744,0.481,97.29,97.29,100.0,100.0,209.5,37.63,100.0,99.34,99.66,SIM,Sim,Sim,Sim,Não,4143.193325251373,True
352680,LENCOIS PAULISTA,2752,66505,70818.58,0.764,0.443,98.78,98.78,100.0,98.07,357.2,22.38,100.0,98.78,98.37,SIM,Sim,Não,Não,Não,4138.0347342305095,True
352690,LIMEIRA,9212,291869,51678.31,0.775,0.496,97.02,97.02,100.0,83.34,181.9,20.19,100.0,97.02,99.12,SIM,Sim,Não,Não,Não,3156.210491693191,True
352700,LINDOIA,144,7014,30018.14,0.742,0.406,99.71,99.71,81.45,79.53,201.2,13.21,0.0,99.71,91.72,NAO,Sim,Não,Não,Não,2053.0367835757056,True
352710,LINS,576,74779,85642.71,0.786,0.46,100.0,100.0,100.0,90.68,203.6,13.64,100.0,97.89,93.26,SIM,Sim,Sim,Sim,Sim,770.2697281322297,True
352720,LORENA,8039,84855,43299.19,0.766,0.531,95.32,94.46,100.0,92.4,162.0,32.54,100.0,97.29,92.77,NAO,Sim,Sim,Não,Sim,9473.808261151376,True
352725,LOURDES,103,1950,18818.34,0.742,0.38,87.23,86.72,100.0,99.96,164.0,14.62,100.0,98.77,98.82,SIM,Sim,Não,Não,Não,5282.051282051281,True
352730,LOUVEIRA,1597,51847,385773.53,0.777,0.519,99.97,93.77,91.64,77.86,160.9,31.47,100.0,100.0,89.75,SIM,Sim,Não,Não,Não,3080.216791714082,True
352740,LUCELIA,32,20061,26531.25,0.752,0.471,97.05,95.25,100.0,100.0,153.3,24.08,100.0,89.73,98.37,SIM,Sim,Sim,Sim,Sim,159.51348387418375,False
352750,LUCIANOPOLIS,99,2372,29214.5,0.733,0.515,73.52,67.58,100.0,91.58,179.3,8.04,100.0,99.54,96.66,SIM,Não,Sim,Não,Não,4173.693086003373,True
352760,LUIS ANTONIO,427,12265,99603.69,0.731,0.428,96.58,96.58,100.0,80.0,177.5,40.77,100.0,99.7,91.76,SIM,Sim,Não,Não,Não,3481.451284141867,True
352770,LUIZIANIA,52,4701,15851.42,0.702,0.361,91.04,90.24,94.05,100.0,156.4,15.97,100.0,91.87,98.6,NAO,Sim,Não,Não,Não,1106.1476281642204,True
352780,LUPERCIO,107,3981,21340.47,0.724,0.408,89.53,89.25,100.0,99.99,129.5,22.96,100.0,87.77,99.33,NAO,Sim,Não,Não,Não,2687.766892740517,True
352790,LUTECIA,79,2661,38571.53,0.72,0.432,80.31,78.24,100.0,100.0,159.6,27.99,100.0,86.43,96.62,SIM,Sim,Não,Não,Não,2968.8087185268696,True
352800,MACATUBA,1327,16829,37292.64,0.77,0.551,95.07,95.07,100.0,83.92,173.5,60.74,100.0,95.07,96.39,SIM,Sim,Não,Não,Não,7885.198169825895,True
352810,MACAUBAL,115,7481,24094.91,0.743,0.431,99.72,99.72,99.67,80.01,332.6,14.47,0.0,88.14,98.29,NAO,Não,Não,Não,Não,1537.2276433631866,True
352820,MACEDONIA,62,3963,24669.23,0.74,0.426,66.21,65.43,100.0,99.98,175.8,14.26,100.0,83.32,98.87,NAO,Sim,Não,Não,Não,1564.471360080747,True
352830,MAGDA,14,3165,33742.07,0.753,0.443,82.94,81.71,100.0,99.99,178.0,13.51,100.0,82.81,98.55,NAO,Sim,Sim,Sim,Não,442.3380726698263,True
352840,MAIRINQUE,1886,50027,56474.15,0.743,0.48,80.17,61.73,93.38,61.59,145.4,29.36,34.72,94.25,79.33,NAO,Sim,Sim,Não,Não,3769.9642193215664,True
352850,MAIRIPORA,10274,93853,22076.24,0.788,0.581,51.26,33.45,28.0,33.06,148.9,35.29,74.61,87.39,58.74,SIM,Sim,Sim,Sim,Não,10946.906332242976,True
352860,MANDURI,1197,9871,29272.78,0.739,0.481,94.13,93.54,96.8,70.28,531.9,15.32,100.0,90.77,81.25,SIM,Não,Não,Não,Não,12126.43095937595,True
352870,MARABA PAULISTA,47,4573,25999.5,0.677,0.396,58.45,57.77,79.87,100.0,149.9,13.47,100.0,44.11,93.01,SIM,Sim,Não,Não,Não,1027.7717034769298,True
352880,MARACAI,785,12673,36775.73,0.771,0.426,89.38,87.83,100.0,100.0,162.4,22.09,100.0,90.84,95.76,SIM,Sim,Sim,Sim,Sim,6194.271285409926,True
352885,MARAPOAMA,73,3292,38648.5,0.752,0.423,100.0,100.0,100.0,90.03,190.5,11.14,100.0,90.07,98.94,NAO,Sim,Não,Não,Não,2217.4969623329284,True
352890,MARIAPOLIS,17,3513,18663.17,0.718,0.385,86.17,81.55,100.0,100.0,166.4,17.93,100.0,92.51,90.18,NAO,Sim,Não,Não,Não,483.9168801594079,True
352900,MARILIA,10502,237627,40272.45,0.798,0.512,100.0,100.0,100.0,83.46,196.4,42.24,67.51,95.91,97.72,NAO,Sim,Não,Não,Não,4419.531450550653,True
352910,MARINOPOLIS,98,1860,19070.41,0.731,0.429,85.11,83.49,100.0,98.33,181.5,7.93,100.0,80.32,99.82,NAO,Sim,Não,Não,Não,5268.817204301075,True
352920,MARTINOPOLIS,183,24881,28179.26,0.721,0.455,100.0,100.0,99.39,67.78,183.2,18.31,100.0,100.0,95.16,SIM,Sim,Não,Não,Não,735.5009846871106,True
352930,MATAO,3008,79033,63716.37,0.773,0.531,97.62,97.62,100.0,100.0,218.6,34.23,100.0,95.82,99.14,SIM,Sim,Sim,Não,Sim,3806.0050864828618,True
352940,MAUA,11531,418261,43128.78,0.766,0.458,89.71,100.0,92.91,93.44,132.8,46.72,96.18,91.64,94.1,SIM,Sim,Sim,Sim,Sim,2756.891032154564,True
352950,MENDONCA,650,6159,66474.78,0.744,0.369,90.94,90.94,98.7,94.97,486.8,80.08,100.0,100.0,99.53,NAO,Sim,Não,Não,Não,10553.661308654002,True
352960,MERIDIANO,396,4572,103289.4,0.731,0.405,75.39,74.76,100.0,100.0,185.3,16.29,100.0,99.41,98.94,NAO,Sim,Não,Não,Não,8661.417322834646,True
352965,MESOPOLIS,181,1952,42887.61,0.724,0.376,84.94,78.28,100.0,98.23,175.2,14.03,100.0,98.87,99.21,SIM,Sim,Não,Não,Não,9272.540983606556,True
352970,MIGUELOPOLIS,28,19441,45201.82,0.741,0.458,85.27,84.94,91.97,100.0,173.2,25.28,100.0,92.64,96.82,NAO,Sim,Não,Não,Não,144.02551309089037,False
352980,MINEIROS DO TIETE,2601,11230,17373.68,0.73,0.403,95.56,95.56,100.0,80.0,170.2,34.63,100.0,,95.71,NAO,Sim,Não,Sim,Não,23161.17542297417,True
352990,MIRACATU,151,18553,23420.28,0.697,0.509,45.29,42.93,100.0,88.49,180.8,33.85,100.0,56.07,56.01,NAO,Sim,Sim,Sim,Não,813.8845469735353,True
353000,MIRA ESTRELA,233,3126,22515.72,0.743,0.429,51.5,50.9,95.15,100.0,249.7,12.3,100.0,98.21,97.91,SIM,Sim,Não,Não,Não,7453.61484325016,True
353010,MIRANDOPOLIS,394,27983,24753.46,0.751,0.467,100.0,93.64,96.1,71.34,203.5,16.61,86.09,99.83,82.5,SIM,Sim,Não,Não,Não,1407.997712897116,True
353020,MIRANTE DO PARANAPANEMA,21,15917,32957.78,0.724,0.505,64.33,54.17,87.66,95.7,155.7,20.63,100.0,57.27,88.28,SIM,Sim,Não,Não,Não,131.93440975058115,False
353030,MIRASSOL,1090,63337,43778.54,0.762,0.466,97.81,97.26,100.0,100.0,156.2,38.39,100.0,99.94,97.88,NAO,Não,Não,Não,Não,1720.952997458042,True
353040,MIRASSOLANDIA,167,4669,42951.06,0.738,0.401,80.1,80.1,68.1,93.96,450.6,14.93,100.0,80.19,92.23,NAO,Sim,Não,Não,Não,3576.7830370529023,True
353050,MOCOCA,3511,67681,44065.5,0.762,0.539,88.52,85.91,100.0,90.99,173.6,29.82,100.0,88.8,97.59,NAO,Sim,Sim,Sim,Não,5187.571105627872,True
353060,MOGI DAS CRUZES,19411,451505,43031.34,0.783,0.549,96.2,87.31,93.62,75.2,141.2,48.02,72.79,97.66,87.92,SIM,Sim,Sim,Não,Sim,4299.177196265822,True
353070,MOGI GUACU,6775,153658,44538.21,0.774,0.446,95.45,95.45,97.0,77.34,187.1,48.38,71.12,95.94,99.08,SIM,Sim,Sim,Sim,Sim,4409.142381132125,True
353080,MOGI MIRIM,5032,92558,67095.62,0.784,0.501,91.99,87.64,94.47,98.43,184.4,50.82,100.0,97.04,95.37,SIM,Sim,Sim,Não,Sim,5436.59111043886,True
353090,MOMBUCA,129,3722,35344.16,0.719,0.651,82.29,78.21,100.0,84.86,181.3,13.23,100.0,95.11,96.62,NAO,Sim,Não,Não,Não,3465.8785599140247,True
353100,MONCOES,32,1937,25620.96,0.772,0.432,88.9,87.51,100.0,99.86,192.3,17.71,100.0,92.93,99.23,NAO,Sim,Não,Não,Não,1652.0392359318537,True
353110,MONGAGUA,1598,61951,21421.71,0.754,0.523,95.08,85.35,78.29,91.2,219.3,28.58,100.0,94.12,79.43,SIM,Sim,Sim,Sim,Sim,2579.4579587093026,True
353120,MONTE ALEGRE DO SUL,164,8627,30829.71,0.759,0.477,90.24,45.42,83.29,22.27,534.9,24.1,0.0,91.52,92.98,NAO,Sim,Não,Não,Não,1901.008461805958,True
353130,MONTE ALTO,1785,47574,47713.32,0.768,0.42,100.0,99.65,100.0,100.0,182.5,14.51,100.0,95.31,95.16,SIM,Sim,Não,Não,Não,3752.049438769076,True
353140,MONTE APRAZIVEL,201,22280,29885.78,0.785,0.507,90.07,88.35,99.98,95.49,174.7,16.19,100.0,87.76,99.41,SIM,Sim,Sim,Sim,Sim,902.1543985637344,True
353150,MONTE AZUL PAULISTA,790,18151,33768.09,0.753,0.465,99.9,99.63,96.52,85.0,215.8,34.48,35.0,93.57,98.41,NAO,Sim,Não,Não,Não,4352.377279488734,True
353160,MONTE CASTELO,21,4222,30746.0,0.741,0.393,,,,,,,,,88.63,NAO,Sim,Sim,Não,Não,497.39459971577446,True
353170,MONTEIRO LOBATO,159,4138,17520.67,0.71,0.495,35.55,32.48,91.3,89.02,188.3,34.65,100.0,99.73,84.48,NAO,Sim,Sim,Sim,Sim,3842.435959400677,True
353180,MONTE MOR,3055,64662,69972.02,0.733,0.456,98.18,83.7,100.0,80.16,164.1,25.02,100.0,100.0,75.12,NAO,Sim,Sim,Sim,Não,4724.567752312023,True
353190,MORRO AGUDO,1823,27933,36487.83,0.712,0.462,95.97,91.98,100.0,41.5,540.2,17.0,100.0,91.98,99.45,SIM,Não,Sim,Sim,Não,6526.330863136792,True
353200,MORUNGABA,636,13720,45445.18,0.715,0.45,81.26,79.14,100.0,100.0,153.8,22.93,100.0,90.82,90.98,SIM,Sim,Sim,Sim,Sim,4635.568513119533,True
353205,MOTUCA,19,4034,24983.62,0.741,0.484,99.16,99.16,100.0,40.8,275.6,18.91,100.0,100.0,100.0,SIM,Sim,Não,Não,Não,470.9965294992563,True
353210,MURUTINGA DO SUL,23,3737,19453.5,0.726,0.436,64.22,56.25,93.49,65.0,318.8,1.64,100.0,98.34,96.64,SIM,Sim,Não,Não,Não,615.4669521006155,True
353215,NANTES,95,2660,44261.55,0.714,0.353,88.68,88.68,,80.0,196.3,38.0,100.0,88.68,98.8,NAO,Sim,Não,Não,Não,3571.428571428571,True
353220,NARANDIBA,23,5713,129106.16,0.718,0.373,87.2,85.45,100.0,99.98,153.8,2.98,100.0,72.29,88.89,SIM,Sim,Sim,Sim,Sim,402.5905828811483,True
353230,NATIVIDADE DA SERRA,221,6999,14098.9,0.655,0.522,40.76,41.01,100.0,71.43,134.4,89.63,100.0,99.49,83.07,NAO,Sim,Não,Não,Não,3157.593941991713,True
353240,NAZARE PAULISTA,719,18217,24667.18,0.678,0.475,39.16,15.97,14.69,22.65,227.9,28.2,99.67,89.4,85.2,NAO,Sim,Não,Não,Não,3946.862820442444,True
353250,NEVES PAULISTA,428,9699,30979.89,0.754,0.406,90.43,90.43,93.2,73.78,180.0,42.81,100.0,82.97,98.66,NAO,Sim,Não,Não,Não,4412.826064542736,True
353260,NHANDEARA,71,9852,31773.36,0.751,0.5,79.91,79.49,100.0,96.83,187.1,14.62,100.0,91.28,98.95,NAO,Sim,Não,Não,Não,720.6658546488022,True
353270,NIPOA,37,4750,17820.45,0.713,0.371,90.82,87.43,92.01,97.9,160.4,13.37,100.0,88.95,97.73,NAO,Sim,Não,Não,Não,778.9473684210527,True
353280,NOVA ALIANCA,440,6693,45514.97,0.738,0.392,83.09,83.09,100.0,66.97,156.6,57.55,99.4,83.09,99.15,SIM,Sim,Não,Não,Não,6574.032571343194,True
353282,NOVA CAMPINA,130,8497,22192.26,0.651,0.468,80.12,53.77,82.41,86.23,96.1,18.36,100.0,94.15,71.22,NAO,Sim,Não,Não,Não,1529.9517476756505,True
353284,NOVA CANAA PAULISTA,26,2032,25386.3,0.715,0.343,62.45,59.5,100.0,100.0,171.2,16.12,100.0,41.58,97.45,SIM,Sim,Não,Não,Não,1279.527559055118,True
353286,NOVA CASTILHO,10,1062,47027.11,0.756,0.373,99.72,99.72,,94.48,37.5,9.95,100.0,,99.23,NAO,Sim,Não,Não,Não,941.6195856873824,True
353290,NOVA EUROPA,63,9311,32768.54,0.765,0.393,95.99,100.0,100.0,73.68,219.8,0.36,100.0,100.0,98.88,NAO,Sim,Não,Não,Não,676.6190527333262,True
353300,NOVA GRANADA,98,19419,23447.89,0.739,0.449,94.31,93.43,100.0,99.09,181.9,8.78,100.0,92.38,88.52,NAO,Sim,Não,Não,Não,504.6603841598434,True
353310,NOVA GUATAPORANGA,26,2156,15762.88,0.726,0.414,91.47,88.73,100.0,99.98,162.9,20.32,100.0,99.77,99.7,SIM,Sim,Sim,Não,Sim,1205.9369202226346,True
353320,NOVA INDEPENDENCIA,61,4609,51548.89,0.735,0.361,100.0,100.0,100.0,95.06,156.1,46.79,100.0,73.44,95.45,NAO,Sim,Não,Sim,Não,1323.497504881753,True
353325,NOVAIS,223,4412,12986.7,0.719,0.452,91.0,91.0,100.0,88.89,517.5,0.0,100.0,91.0,99.92,NAO,Sim,Não,Não,Não,5054.397098821396,True
353330,NOVA LUZITANIA,95,2837,14278.82,0.743,0.365,87.06,86.36,82.29,96.96,159.9,11.02,100.0,89.71,99.1,SIM,Sim,Não,Não,Não,3348.607684173423,True
353340,NOVA ODESSA,4184,62019,65145.09,0.791,0.424,97.87,95.87,96.0,100.0,174.2,33.41,100.0,99.86,96.31,SIM,Sim,Sim,Sim,Sim,6746.319676228253,True
353350,NOVO HORIZONTE,2523,38324,37973.31,0.753,0.453,88.23,87.99,100.0,92.68,199.7,10.29,100.0,96.18,99.31,SIM,Não,Sim,Não,Sim,6583.342031103224,True
353360,NUPORANGA,415,7391,115407.02,0.746,0.449,99.72,99.72,100.0,85.57,157.9,11.47,100.0,90.47,99.85,NAO,Não,Não,Não,Não,5614.937085644703,True
353370,OCAUCU,121,4331,32921.81,0.717,0.396,79.82,79.82,99.91,64.14,546.1,24.45,100.0,79.82,94.89,SIM,Sim,Não,Não,Não,2793.812052643731,True
353380,OLEO,297,2512,52419.92,0.73,0.425,73.33,63.18,100.0,97.18,187.0,23.06,100.0,65.84,92.77,NAO,Não,Não,Não,Não,11823.248407643312,True
353390,OLIMPIA,3650,55074,45985.63,0.773,0.443,96.09,96.09,100.0,93.08,253.0,25.86,100.0,96.09,98.09,NAO,Sim,Não,Não,Não,6627.446708065512,True
353400,ONDA VERDE,319,4771,46086.02,0.738,0.351,81.07,80.34,100.0,90.42,169.5,12.59,100.0,78.33,96.93,SIM,Sim,Não,Não,Não,6686.229302033117,True
353410,ORIENTE,161,6085,19753.85,0.77,0.452,94.45,94.17,100.0,100.0,154.3,16.95,100.0,93.23,97.05,NAO,Sim,Não,Não,Não,2645.8504519309777,True
353420,ORINDIUVA,137,6024,87570.54,0.767,0.382,92.38,92.15,97.36,88.44,160.1,19.92,100.0,91.45,100.0,NAO,Sim,Não,Não,Não,2274.2363877822045,True
353430,ORLANDIA,381,38319,57728.08,0.78,0.503,96.4,96.4,99.07,84.6,199.2,64.6,100.0,96.4,99.66,SIM,Sim,Não,Não,Não,994.2848195412198,True
353440,OSASCO,22805,728615,122765.64,0.776,0.546,100.0,93.91,100.0,65.71,161.2,30.69,57.05,100.0,96.44,SIM,Sim,Sim,Sim,Sim,3129.910858272201,True
353450,OSCAR BRESSANE,66,2470,43366.02,0.749,0.45,75.26,74.78,100.0,100.0,171.2,17.16,100.0,94.86,99.44,NAO,Sim,Não,Não,Não,2672.064777327935,True
353460,OSVALDO CRUZ,422,31272,32836.81,0.762,0.473,97.48,95.67,100.0,100.0,164.1,14.39,100.0,89.72,99.24,SIM,Sim,Sim,Não,Sim,1349.4499872090048,True
353470,OURINHOS,4425,103970,34406.86,0.778,0.512,97.42,96.54,100.0,80.02,170.4,57.86,84.58,98.94,98.67,SIM,Sim,Não,Não,Não,4256.035394825431,True
353475,OUROESTE,250,10294,51226.69,0.77,0.436,94.87,92.94,100.0,99.99,178.7,15.3,100.0,99.94,99.13,SIM,Sim,Não,Não,Não,2428.599183990674,True
353480,OURO VERDE,18,7779,15558.53,0.692,0.4,99.83,99.83,100.0,47.11,449.9,11.28,100.0,99.83,90.54,SIM,Não,Não,Não,Não,231.39220979560355,False
353490,PACAEMBU,53,14877,15195.79,0.725,0.458,85.25,62.81,98.91,82.97,140.1,1.61,100.0,81.88,81.73,SIM,Sim,Sim,Não,Sim,356.254621227398,True
353500,PALESTINA,243,11476,31646.21,0.732,0.407,92.84,91.56,96.73,98.49,168.7,11.62,100.0,90.27,93.96,NAO,Sim,Não,Não,Sim,2117.4625304984315,True
353510,PALMARES PAULISTA,1218,9650,9964.11,0.722,0.341,97.61,97.52,88.39,99.78,138.6,9.83,100.0,98.19,96.57,NAO,Sim,Sim,Sim,Não,12621.76165803109,True
353520,PALMEIRA D'OESTE,487,8903,23443.85,0.753,0.428,80.32,78.5,100.0,100.0,185.6,12.25,100.0,78.13,99.29,NAO,Sim,Não,Não,Não,5470.066269796698,True
353530,PALMITAL,838,19594,40347.04,0.746,0.465,99.82,99.82,99.78,69.99,178.6,33.18,100.0,91.53,98.51,SIM,Sim,Não,Não,Sim,4276.819434520772,True
353540,PANORAMA,39,14964,19933.87,0.722,0.464,54.28,44.03,,80.0,171.0,27.54,100.0,96.99,76.62,SIM,Não,Não,Não,Não,260.62550120288694,False
353550,PARAGUACU PAULISTA,3065,41120,39015.76,0.762,0.464,93.65,92.92,100.0,99.75,163.6,16.55,100.0,90.5,96.69,SIM,Sim,Sim,Não,Não,7453.793774319066,True
353560,PARAIBUNA,1105,17667,19220.43,0.719,0.521,76.96,48.87,100.0,51.68,136.0,27.03,38.67,98.0,92.11,NAO,Sim,Sim,Sim,Sim,6254.598969830758,True
353570,PARAISO,694,6099,42122.5,0.749,0.454,87.97,100.0,99.39,100.0,214.9,37.42,0.0,98.38,99.17,NAO,Sim,Não,Não,Não,11378.914576160028,True
353580,PARANAPANEMA,511,19395,45907.58,0.717,0.495,65.17,54.02,77.85,80.44,176.3,10.97,100.0,86.59,80.21,NAO,Sim,Não,Não,Não,2634.699664862078,True
353590,PARANAPUA,96,4031,32360.15,0.732,0.45,99.88,97.92,100.0,100.0,164.0,17.4,100.0,89.26,83.64,NAO,Sim,Não,Não,Não,2381.543041428926,True
353600,PARAPUA,132,10580,67842.13,0.737,0.42,84.99,83.14,100.0,100.0,168.6,11.5,100.0,98.3,98.05,SIM,Sim,Não,Não,Não,1247.6370510396976,True
353610,PARDINHO,94,7153,55976.73,0.727,0.463,58.88,48.69,88.23,91.64,190.3,38.93,100.0,78.12,92.16,SIM,Não,Não,Não,Não,1314.133929819656,True
353620,PARIQUERA-ACU,930,19233,29601.64,0.736,0.475,68.19,62.58,98.35,94.09,160.9,28.36,100.0,68.74,35.95,NAO,Sim,Sim,Sim,Não,4835.439089065669,True
353625,PARISI,276,2892,24630.17,0.721,0.402,100.0,100.0,100.0,80.0,247.4,9.99,100.0,100.0,97.11,NAO,Não,Não,Não,Não,9543.56846473029,True
353630,PATROCINIO PAULISTA,289,14512,91078.82,0.73,0.425,95.78,95.78,100.0,85.83,139.5,57.47,100.0,80.84,98.74,SIM,Sim,Não,Não,Não,1991.4553472987875,True
353640,PAULICEIA,69,7955,26544.4,0.711,0.442,94.78,46.41,58.76,34.37,290.7,0.0,94.55,83.02,92.83,SIM,Sim,Não,Não,Não,867.3790069138907,True
353650,PAULINIA,4326,110537,457517.7,0.795,0.488,100.0,100.0,100.0,82.32,193.1,22.4,100.0,100.0,96.92,SIM,Não,Sim,Não,Sim,3913.621683237288,True
353657,PAULISTANIA,72,2090,26505.01,0.718,0.429,60.05,58.18,100.0,94.04,172.8,14.87,100.0,100.0,97.37,SIM,Não,Não,Não,Não,3444.976076555024,True
353660,PAULO DE FARIA,462,7400,30054.05,0.725,0.531,98.39,97.12,100.0,86.69,209.3,14.02,100.0,90.43,96.8,NAO,Sim,Não,Não,Não,6243.243243243243,True
353670,PEDERNEIRAS,3229,44827,64521.62,0.739,0.502,89.32,86.58,100.0,100.0,177.2,31.51,100.0,91.07,99.17,NAO,Sim,Sim,Sim,Sim,7203.248042474402,True
353680,PEDRA BELA,97,6557,19271.43,0.677,0.407,20.02,18.42,90.83,62.49,198.9,25.33,84.07,100.0,95.74,SIM,Sim,Não,Não,Não,1479.3350617660517,True
353690,PEDRANOPOLIS,391,2787,32369.01,0.742,0.378,59.35,57.98,100.0,100.0,191.8,17.66,100.0,84.75,98.38,NAO,Não,Não,Sim,Sim,14029.422317904558,True
353700,PEDREGULHO,642,15525,102593.26,0.715,0.498,72.83,71.26,100.0,94.53,160.9,17.9,100.0,,98.82,NAO,Sim,Não,Não,Não,4135.265700483092,True
353710,PEDREIRA,2819,43112,30658.23,0.769,0.426,98.1,97.94,98.83,80.0,141.4,51.41,99.0,99.94,97.31,SIM,Sim,Sim,Não,Sim,6538.782705511228,True
353715,PEDRINHAS PAULISTA,183,2804,56819.68,0.774,0.562,89.3,88.91,100.0,99.98,186.3,16.46,100.0,83.92,99.87,SIM,Não,Não,Não,Não,6526.390870185449,True
353720,PEDRO DE TOLEDO,67,11281,15521.76,0.696,0.479,52.04,36.16,55.82,68.21,203.2,26.71,100.0,49.64,46.5,NAO,Sim,Sim,Sim,Sim,593.9189788139349,True
353730,PENAPOLIS,197,61679,32488.66,0.759,0.474,96.15,96.15,100.0,80.0,214.1,24.06,100.0,96.15,98.29,SIM,Sim,Não,Sim,Sim,319.3955803433908,True
353740,PEREIRA BARRETO,290,24095,42339.32,0.766,0.493,92.21,92.21,99.97,80.0,311.8,15.15,100.0,92.21,98.45,SIM,Sim,Não,Não,Não,1203.569205229301,True
353750,PEREIRAS,105,8737,35826.95,0.736,0.444,66.02,58.58,100.0,100.0,164.3,30.64,100.0,99.11,98.94,NAO,Sim,Não,Não,Não,1201.7855099004234,True
353760,PERUIBE,2526,68352,28211.36,0.749,0.547,92.68,73.18,80.2,88.87,233.1,40.96,100.0,99.99,60.74,SIM,Sim,Sim,Sim,Sim,3695.5758426966295,True
353770,PIACATU,59,5519,19534.68,0.732,0.406,90.9,88.97,100.0,98.92,157.0,22.74,100.0,88.08,99.05,SIM,Sim,Não,Não,Não,1069.0342453342996,True
353780,PIEDADE,602,52970,28657.0,0.716,0.491,46.7,30.85,79.75,69.99,160.9,32.09,100.0,71.74,72.83,SIM,Sim,Sim,Sim,Não,1136.4923541627336,True
353790,PILAR DO SUL,340,27619,43096.72,0.69,0.47,78.95,53.83,81.34,70.89,149.4,25.25,100.0,100.0,87.48,SIM,Sim,Sim,Sim,Não,1231.0366052355262,True
353800,PINDAMONHANGABA,23107,165428,79951.7,0.773,0.523,96.7,94.29,100.0,91.21,163.0,31.22,100.0,100.0,94.55,SIM,Sim,Sim,Sim,Sim,13968.010252194308,True
353810,PINDORAMA,732,14542,28703.01,0.737,0.404,100.0,100.0,100.0,79.66,151.9,39.63,100.0,94.97,95.88,NAO,Sim,Não,Não,Não,5033.695502681887,True
353820,PINHALZINHO,314,15224,20216.61,0.725,0.421,42.79,36.21,100.0,64.45,171.6,19.34,98.59,93.93,90.39,SIM,Não,Não,Não,Não,2062.532842879664,True
353830,PIQUEROBI,8,3264,18103.98,0.711,0.418,72.73,71.72,100.0,98.09,163.4,11.38,100.0,100.0,97.91,SIM,Sim,Não,Não,Não,245.09803921568627,False
353850,PIQUETE,763,12490,14661.29,0.757,0.498,94.0,78.49,78.78,85.01,172.1,13.92,0.0,100.0,94.35,NAO,Sim,Sim,Sim,Sim,6108.88710968775,True
353860,PIRACAIA,1530,26029,23959.72,0.739,0.585,67.08,55.27,54.35,59.73,183.3,32.92,98.12,100.0,78.69,SIM,Sim,Não,Sim,Sim,5878.059087940374,True
353870,PIRACICABA,29464,423323,84225.76,0.785,0.54,100.0,100.0,100.0,100.0,206.7,53.93,100.0,100.0,97.93,SIM,Sim,Sim,Sim,Sim,6960.169893910796,True
353880,PIRAJU,2376,29436,30945.65,0.758,0.486,87.76,86.75,100.0,100.0,168.9,28.96,100.0,98.61,97.66,SIM,Sim,Não,Não,Não,8071.748878923767,True
353890,PIRAJUI,63,22431,20820.31,0.749,0.48,100.0,100.0,99.15,65.7,131.0,8.68,0.0,93.14,75.47,SIM,Não,Sim,Não,Sim,280.8613080112344,False
353900,PIRANGI,1301,10885,31655.48,0.756,0.381,99.95,99.95,99.55,82.56,183.2,24.59,100.0,89.69,95.58,NAO,Sim,Sim,Sim,Não,11952.22783647221,True
353910,PIRAPORA DO BOM JESUS,207,18370,42495.88,0.727,0.489,84.51,71.43,55.24,52.02,127.8,38.48,26.13,,83.49,NAO,Não,Sim,Sim,Não,1126.837234621666,True
353920,PIRAPOZINHO,123,25348,33165.84,0.776,0.529,100.0,94.37,99.27,97.04,155.0,20.89,100.0,95.12,88.45,SIM,Sim,Sim,Sim,Sim,485.24538425122296,True
353930,PIRASSUNUNGA,4869,73545,42833.73,0.801,0.521,91.5,91.5,100.0,98.72,217.6,35.85,100.0,100.0,97.96,NAO,Sim,Sim,Não,Sim,6620.436467468896,True
353940,PIRATININGA,228,15108,20048.02,0.779,0.478,75.36,71.86,100.0,98.44,180.7,12.89,100.0,85.82,89.19,SIM,Sim,Não,Não,Não,1509.1342335186655,True
353950,PITANGUEIRAS,902,33674,34369.55,0.723,0.424,96.31,100.0,100.0,95.97,480.4,30.0,0.0,96.31,97.63,NAO,Sim,Não,Não,Não,2678.624458038843,True
353960,PLANALTO,116,4389,36082.23,0.719,0.386,92.16,90.18,94.59,99.12,170.5,12.22,100.0,84.44,95.65,NAO,Sim,Não,Não,Não,2642.971064023696,True
353970,PLATINA,177,3025,33283.11,0.719,0.496,82.05,81.98,100.0,100.0,163.5,17.2,100.0,76.03,99.76,SIM,Sim,Não,Não,Não,5851.239669421488,True
353980,POA,6052,103765,31616.47,0.771,0.446,100.0,100.0,100.0,87.65,135.8,34.85,90.87,100.0,98.05,SIM,Não,Sim,Sim,Sim,5832.409772081145,True
353990,POLONI,43,5592,25044.23,0.766,0.393,88.39,87.88,100.0,99.17,175.4,16.17,100.0,89.0,98.47,SIM,Sim,Não,Não,Não,768.9556509298999,True
354000,POMPEIA,604,20196,87425.49,0.786,0.491,92.92,89.76,96.92,86.39,169.1,24.97,100.0,99.88,99.87,SIM,Sim,Não,Não,Não,2990.6912259853434,True
354010,PONGAI,169,3395,27887.43,0.755,0.456,84.65,84.21,100.0,100.0,192.7,7.21,100.0,100.0,96.5,SIM,Sim,Não,Não,Não,4977.908689248895,True
354020,PONTAL,1130,37607,28285.96,0.725,0.46,99.78,99.78,100.0,96.84,233.3,16.71,100.0,97.92,99.42,SIM,Sim,Não,Não,Não,3004.7597521737976,True
354025,PONTALINDA,42,4127,20773.37,0.702,0.381,81.08,79.86,100.0,99.97,147.4,18.56,100.0,100.0,96.27,SIM,Sim,Não,Não,Não,1017.6883935061788,True
354030,PONTES GESTAL,89,2387,49170.31,0.732,0.384,93.0,92.12,100.0,97.53,206.0,6.03,100.0,82.36,98.61,NAO,Sim,Não,Não,Não,3728.529534981148,True
354040,POPULINA,122,4127,28351.02,0.714,0.415,89.19,86.89,100.0,99.98,176.3,16.3,100.0,100.0,100.0,NAO,Sim,Não,Não,Não,2956.142476375091,True
354050,PORANGABA,314,10451,22903.9,0.703,0.506,79.08,32.17,75.91,41.5,224.5,33.47,100.0,75.59,85.67,SIM,Sim,Sim,Sim,Sim,3004.4971773036077,True
354060,PORTO FELIZ,2319,56497,69921.89,0.758,0.459,100.0,100.0,100.0,82.96,133.4,29.94,99.52,100.0,94.83,SIM,Sim,Sim,Sim,Não,4104.642724392445,True
354070,PORTO FERREIRA,3589,52649,43904.33,0.751,0.459,98.21,98.21,100.0,80.18,206.4,25.0,78.13,99.81,88.91,NAO,Sim,Sim,Sim,Sim,6816.843624760205,True
354075,POTIM,1586,20392,12047.78,0.697,0.371,99.75,99.75,100.0,77.72,44.7,76.58,0.0,99.75,49.86,SIM,Sim,Não,Não,Não,7777.559827383287,True
354080,POTIRENDABA,2513,18496,35101.25,0.747,0.403,100.0,100.0,100.0,100.0,124.5,67.6,80.0,93.93,97.97,NAO,Sim,Não,Não,Não,13586.7214532872,True
354085,PRACINHA,1,2578,9468.33,0.696,0.391,66.95,92.51,99.81,100.0,119.7,10.51,100.0,47.94,94.29,NAO,Sim,Não,Não,Não,38.78975950349108,False
354090,PRADOPOLIS,124,17078,49306.42,0.733,0.464,92.42,92.42,97.14,98.67,216.2,28.57,100.0,92.42,96.22,NAO,Sim,Não,Não,Não,726.0803372760276,True
354100,PRAIA GRANDE,3054,349935,25940.64,0.754,0.511,96.79,82.54,75.01,72.58,200.1,32.62,100.0,100.0,91.71,SIM,Não,Sim,Não,Não,872.733507651421,True
354105,PRATANIA,179,5126,23527.63,0.701,0.397,82.21,81.76,100.0,99.29,157.1,25.05,100.0,83.05,97.79,SIM,Sim,Sim,Sim,Não,3492.001560671089,True
354110,PRESIDENTE ALVES,20,3804,19014.7,0.735,0.482,87.85,85.67,100.0,100.0,150.4,20.42,100.0,83.54,97.11,SIM,Sim,Não,Não,Não,525.7623554153523,True
354120,PRESIDENTE BERNARDES,30,14490,25644.3,0.757,0.477,74.29,70.75,100.0,92.65,170.3,16.88,100.0,76.74,96.03,SIM,Sim,Não,Não,Não,207.0393374741201,False
354130,PRESIDENTE EPITACIO,30,39505,29738.9,0.75,0.486,92.78,81.38,95.31,97.28,168.6,14.33,100.0,98.7,80.74,SIM,Sim,Não,Não,Não,75.93975446146058,False
354140,PRESIDENTE PRUDENTE,1149,225668,39845.11,0.806,0.544,100.0,99.87,100.0,100.0,184.7,29.49,100.0,100.0,98.67,SIM,Sim,Sim,Não,Sim,509.1550419199887,True
354150,PRESIDENTE VENCESLAU,55,35201,20760.95,0.763,0.509,99.54,99.54,99.84,80.01,158.3,24.48,100.0,95.24,88.74,SIM,Sim,Sim,Não,Não,156.24556120564756,False
354160,PROMISSAO,116,35131,51330.11,0.743,0.44,93.93,91.09,99.17,87.5,208.9,20.0,99.18,84.32,94.9,SIM,Sim,Não,Não,Não,330.1927072955509,True
354165,QUADRA,12,3405,37038.08,0.678,0.491,37.8,19.65,74.95,60.34,254.9,29.55,100.0,60.06,97.17,SIM,Sim,Não,Não,Não,352.4229074889868,True
354170,QUATA,194,13163,57387.58,0.738,0.418,93.9,93.22,100.0,100.0,160.8,20.8,100.0,97.61,97.74,NAO,Sim,Sim,Não,Não,1473.8281546759856,True
354180,QUEIROZ,23,3265,194914.13,0.715,0.43,90.69,90.35,100.0,100.0,152.9,9.56,100.0,,96.4,NAO,Sim,Não,Não,Não,704.4410413476264,True
354190,QUELUZ,222,9159,28178.35,0.722,0.471,88.63,84.95,75.32,71.97,144.8,15.2,84.98,100.0,89.11,NAO,Sim,Sim,Sim,Sim,2423.8453979692104,True
354200,QUINTANA,70,7038,41016.0,0.732,0.432,96.49,94.03,100.0,97.95,163.0,13.43,100.0,95.01,94.42,SIM,Sim,Não,Não,Não,994.6007388462632,True
354210,RAFARD,1142,8965,48529.75,0.745,0.402,100.0,100.0,100.0,65.17,175.5,24.65,5.03,100.0,99.91,NAO,Sim,Sim,Sim,Não,12738.427216954822,True
354220,RANCHARIA,236,28588,46459.21,0.751,0.469,99.81,99.81,99.88,80.0,178.8,36.66,83.63,89.61,97.76,SIM,Sim,Não,Não,Não,825.521197705331,True
354230,REDENCAO DA SERRA,186,4494,17461.44,0.657,0.472,25.21,21.21,70.42,89.04,210.5,19.55,100.0,82.91,76.12,NAO,Sim,Não,Não,Não,4138.851802403204,True
354240,REGENTE FEIJO,188,20145,47932.82,0.768,0.467,93.53,92.46,100.0,100.0,157.2,20.7,100.0,92.22,97.14,SIM,Sim,Não,Não,Não,933.2340531149168,True
354250,REGINOPOLIS,821,7662,18401.03,0.728,0.408,94.43,54.97,70.38,83.1,192.8,62.46,81.54,59.33,94.97,NAO,Sim,Sim,Sim,Não,10715.217958757505,True
354260,REGISTRO,1648,59947,41751.4,0.754,0.534,77.8,75.09,100.0,90.91,167.5,23.04,100.0,99.89,82.44,SIM,Não,Sim,Sim,Sim,2749.0950339466526,True
354270,RESTINGA,350,6404,27280.56,0.705,0.392,84.63,82.17,100.0,95.62,140.1,20.34,100.0,93.77,93.68,SIM,Sim,Não,Não,Não,5465.334166146159,True
354280,RIBEIRA,62,3132,18699.17,0.698,0.477,57.34,29.89,87.73,48.01,159.4,27.4,100.0,65.45,95.66,NAO,Sim,Sim,Não,Não,1979.565772669221,True
354290,RIBEIRAO BONITO,873,10989,27794.44,0.712,0.463,100.0,100.0,100.0,100.0,182.1,13.97,0.0,81.9,85.2,NAO,Sim,Não,Não,Não,7944.307944307945,True
354300,RIBEIRAO BRANCO,45,18627,37255.94,0.639,0.481,67.24,46.84,100.0,86.45,127.0,31.98,90.01,88.82,57.4,NAO,Sim,Não,Não,Não,241.5847962634885,False
354310,RIBEIRAO CORRENTE,310,4608,66664.82,0.711,0.422,69.42,69.12,100.0,98.28,158.3,29.8,100.0,95.62,98.24,NAO,Sim,Não,Não,Não,6727.430555555556,True
354320,RIBEIRAO DO SUL,184,4677,49451.73,0.747,0.594,65.77,65.49,100.0,100.0,168.4,21.72,100.0,99.79,89.48,SIM,Sim,Não,Não,Não,3934.145819970066,True
354323,RIBEIRAO DOS INDIOS,2,2025,21152.38,0.721,0.379,80.05,78.62,100.0,100.0,163.7,16.14,100.0,,98.73,NAO,Sim,Não,Não,Não,98.76543209876544,False
354325,RIBEIRAO GRANDE,71,7450,15221.41,0.705,0.423,79.15,34.34,100.0,50.7,114.1,34.5,100.0,53.69,93.92,SIM,Sim,Sim,Sim,Não,953.020134228188,True
354330,RIBEIRAO PIRES,1218,115559,31068.87,0.784,0.475,84.85,78.27,74.36,65.32,135.1,33.38,78.61,100.0,88.74,SIM,Sim,Não,Não,Não,1054.0070440208033,True
354340,RIBEIRAO PRETO,44153,698642,55484.91,0.8,0.546,99.73,99.72,99.59,96.71,272.2,43.64,100.0,99.95,98.52,SIM,Sim,Sim,Sim,Não,6319.831902462206,True
354350,RIVERSUL,633,5599,17299.84,0.664,0.515,69.99,62.35,100.0,100.0,135.1,27.32,100.0,89.37,70.3,SIM,Sim,Não,Não,Sim,11305.590283979282,True
354360,RIFAINA,318,4049,52357.63,0.74,0.451,70.41,68.24,100.0,100.0,295.7,14.97,100.0,78.71,95.78,NAO,Sim,Não,Não,Não,7853.791059520869,True
354370,RINCAO,128,9098,20883.52,0.734,0.447,77.74,77.74,94.45,92.06,252.0,0.0,0.0,77.96,87.73,NAO,Sim,Sim,Não,Não,1406.9026159595517,True
354380,RINOPOLIS,74,9259,35113.28,0.723,0.438,88.99,88.99,,56.59,222.1,0.45,100.0,86.85,94.42,SIM,Sim,Não,Não,Não,799.2223782265903,True
354390,RIO CLARO,10779,201418,63209.08,0.803,0.508,100.0,100.0,100.0,99.23,231.1,30.84,92.0,100.0,96.08,SIM,Sim,Sim,Sim,Sim,5351.557457625436,True
354400,RIO DAS PEDRAS,398,31328,49338.49,0.759,0.459,,,94.42,,,,,98.98,99.27,NAO,Sim,Sim,Sim,Sim,1270.429009193054,True
354410,RIO GRANDE DA SERRA,321,44170,18472.33,0.749,0.405,84.98,66.47,59.66,100.0,117.6,29.97,83.68,100.0,70.07,NAO,Sim,Sim,Sim,Sim,726.7376047090786,True
354420,RIOLANDIA,289,10309,20921.21,0.703,0.401,98.26,96.9,93.67,93.36,238.1,10.62,100.0,100.0,99.28,SIM,Sim,Não,Não,Não,2803.375691143661,True
354425,ROSANA,62,17440,121065.75,0.764,0.609,76.01,74.58,100.0,99.77,174.6,21.14,100.0,79.6,92.13,NAO,Sim,Sim,Sim,Sim,355.5045871559633,True
354430,ROSEIRA,596,10832,34421.96,0.737,0.436,86.85,84.86,98.38,96.08,146.3,24.66,100.0,99.58,92.7,NAO,Sim,Não,Não,Não,5502.215657311669,True
354440,RUBIACEA,94,2700,24710.59,0.721,0.367,92.33,90.11,100.0,99.97,145.6,16.55,100.0,56.85,95.38,NAO,Sim,Não,Não,Não,3481.4814814814813,True
354450,RUBINEIA,353,3833,32233.41,0.759,0.404,97.39,69.03,100.0,84.34,242.5,19.98,100.0,82.36,88.96,NAO,Sim,Não,Não,Não,9209.496477954606,True
354460,SABINO,98,5112,31123.73,0.728,0.413,100.0,100.0,100.0,100.0,253.2,13.43,100.0,87.7,98.48,SIM,Sim,Não,Não,Não,1917.057902973396,True
354470,SAGRES,268,2474,22566.69,0.73,0.477,76.27,71.99,100.0,100.0,161.0,26.98,100.0,74.49,94.14,SIM,Sim,Não,Não,Não,10832.659660468877,True
354480,SALES,354,6437,26150.29,0.751,0.418,99.53,99.53,98.87,57.71,296.4,42.24,100.0,90.46,95.19,NAO,Sim,Não,Não,Não,5499.456268448035,True
354490,SALES OLIVEIRA,320,11411,34473.89,0.772,0.44,90.61,100.0,99.46,100.0,294.1,13.49,6.04,90.61,99.02,NAO,Sim,Não,Não,Não,2804.311629129787,True
354500,SALESOPOLIS,362,15202,14499.33,0.732,0.425,49.82,45.62,85.69,68.68,143.9,21.67,99.75,100.0,89.12,SIM,Não,Sim,Não,Não,2381.265622944349,True
354510,SALMOURAO,36,4808,18037.04,0.719,0.392,92.05,89.73,100.0,99.99,154.3,17.86,100.0,97.75,91.15,NAO,Sim,Não,Não,Não,748.7520798668885,True
354515,SALTINHO,1011,8161,44465.92,0.791,0.395,81.56,80.28,100.0,100.0,169.1,23.91,100.0,100.0,97.67,SIM,Sim,Não,Não,Não,12388.18772209288,True
354520,SALTO,6516,134319,77029.01,0.78,0.454,100.0,94.89,97.7,91.97,168.6,37.19,94.66,100.0,97.05,SIM,Sim,Sim,Sim,Sim,4851.137962611395,True
354530,SALTO DE PIRAPORA,1514,43748,47995.61,0.729,0.455,89.71,61.1,100.0,68.48,166.9,35.75,100.0,100.0,91.22,SIM,Sim,Sim,Não,Não,3460.729633354668,True
354540,SALTO GRANDE,52,9050,29155.3,0.704,0.438,100.0,100.0,100.0,78.66,157.9,54.91,100.0,100.0,89.51,SIM,Não,Não,Não,Não,574.585635359116,True
354550,SANDOVALINA,19,3645,72374.52,0.709,0.434,76.98,74.9,100.0,100.0,165.5,20.41,100.0,70.01,99.36,SIM,Sim,Não,Não,Não,521.2620027434842,True
354560,SANTA ADELIA,592,14018,24461.0,0.76,0.437,92.81,92.38,97.19,97.05,253.4,14.19,89.6,94.61,96.81,SIM,Sim,Não,Não,Não,4223.1416749893,True
354570,SANTA ALBERTINA,70,6393,35584.96,0.728,0.424,83.08,81.51,100.0,100.0,190.6,16.44,100.0,99.92,99.47,SIM,Sim,Não,Não,Não,1094.9475989363366,True
354580,SANTA BARBARA D'OESTE,6519,183347,40073.67,0.781,0.419,99.25,98.74,99.18,100.0,171.1,54.14,100.0,100.0,99.21,SIM,Sim,Sim,Sim,Não,3555.553131493834,True
354600,SANTA BRANCA,1544,13975,20959.37,0.735,0.478,50.38,47.25,67.06,96.6,178.0,45.71,4.4,89.45,98.56,NAO,Não,Sim,Sim,Sim,11048.30053667263,True
354610,SANTA CLARA D'OESTE,162,2598,45847.14,0.733,0.456,73.75,70.52,100.0,100.0,198.6,10.72,100.0,75.33,100.0,NAO,Sim,Não,Não,Não,6235.565819861432,True
354620,SANTA CRUZ DA CONCEICAO,218,4277,35264.11,0.79,0.676,100.0,65.47,88.65,97.92,195.8,56.83,100.0,93.52,78.9,NAO,Não,Não,Não,Não,5097.030628945522,True
354625,SANTA CRUZ DA ESPERANCA,298,2116,29296.72,0.743,0.531,58.7,57.66,100.0,94.34,189.2,25.27,100.0,68.15,99.0,NAO,Sim,Sim,Sim,Sim,14083.175803402648,True
354630,SANTA CRUZ DAS PALMEIRAS,3698,28864,18687.66,0.728,0.521,96.87,96.87,100.0,100.0,182.1,0.03,0.0,96.87,99.66,SIM,Sim,Não,Não,Sim,12811.80709534368,True
354640,SANTA CRUZ DO RIO PARDO,2906,46442,57811.23,0.762,0.464,93.48,91.29,100.0,93.75,181.7,39.67,100.0,98.93,94.05,SIM,Sim,Não,Sim,Não,6257.267128891951,True
354650,SANTA ERNESTINA,36,6118,18714.85,0.738,0.43,98.63,98.2,100.0,100.0,175.4,12.48,100.0,96.44,97.92,NAO,Sim,Não,Não,Não,588.4275907159202,True
354660,SANTA FE DO SUL,1553,34794,41007.46,0.784,0.498,95.98,95.98,99.69,69.68,335.9,0.0,100.0,99.91,99.04,SIM,Sim,Não,Não,Não,4463.413232166466,True
354670,SANTA GERTRUDES,2090,23611,139885.74,0.737,0.386,98.94,98.94,100.0,81.42,155.8,23.16,100.0,99.4,99.12,NAO,Não,Não,Não,Não,8851.8063614417,True
354680,SANTA ISABEL,4600,53174,28340.36,0.738,0.473,58.9,45.17,56.59,63.96,188.0,37.48,9.6,42.6,85.99,SIM,Sim,Sim,Sim,Não,8650.844397637944,True
354690,SANTA LUCIA,53,7149,14751.7,0.737,0.391,92.11,97.97,98.7,100.0,180.3,17.57,100.0,92.11,93.17,NAO,Sim,Não,Não,Não,741.3624283116519,True
354700,SANTA MARIA DA SERRA,235,5243,24297.18,0.686,0.475,67.98,100.0,,52.33,199.7,16.41,100.0,96.74,98.98,SIM,Não,Não,Não,Não,4482.166698455083,True
354710,SANTA MERCEDES,8,2956,23436.56,0.739,0.403,94.08,76.39,100.0,95.13,186.2,17.19,100.0,88.02,86.0,SIM,Não,Não,Não,Não,270.6359945872801,False
354720,SANTANA DA PONTE PENSA,51,1670,27564.35,0.773,0.422,67.54,66.35,100.0,99.98,185.1,12.58,100.0,66.83,100.0,SIM,Sim,Não,Não,Não,3053.892215568862,True
354730,SANTANA DE PARNAIBA,5686,154105,79579.96,0.814,0.686,98.33,65.11,59.75,44.69,177.2,33.49,49.87,100.0,91.57,SIM,Sim,Sim,Sim,Sim,3689.692093053438,True
354740,SANTA RITA D'OESTE,57,2733,27518.08,0.761,0.39,70.69,65.72,99.48,86.66,263.4,14.08,100.0,70.69,98.59,SIM,Sim,Não,Não,Não,2085.6201975850718,True
354750,SANTA RITA DO PASSA QUATRO,1833,24833,29877.17,0.775,0.488,89.51,89.51,99.6,98.94,240.7,20.11,100.0,96.65,95.42,SIM,Sim,Sim,Não,Não,7381.307131639351,True
354760,SANTA ROSA DE VITERBO,369,23411,30914.1,0.77,0.512,94.33,92.39,100.0,96.74,160.5,25.78,100.0,96.84,97.62,NAO,Sim,Não,Não,Não,1576.182136602452,True
354765,SANTA SALETE,90,1645,27025.83,0.772,0.347,69.54,67.05,100.0,99.98,181.6,16.37,100.0,60.79,98.65,SIM,Sim,Não,Não,Não,5471.12462006079,True
354770,SANTO ANASTACIO,46,17963,26650.73,0.753,0.534,88.4,87.59,100.0,100.0,165.8,21.6,100.0,92.73,98.03,SIM,Sim,Não,Não,Sim,256.08194622279126,False
354780,SANTO ANDRE,14554,748919,45062.56,0.815,0.543,100.0,100.0,100.0,77.97,165.8,31.2,61.47,100.0,95.62,SIM,Sim,Sim,Não,Sim,1943.334325875028,True
354790,SANTO ANTONIO DA ALEGRIA,205,6775,30114.17,0.702,0.418,100.0,100.0,99.23,81.42,190.2,51.12,94.87,100.0,97.5,SIM,Sim,Não,Não,Não,3025.830258302583,True
354800,SANTO ANTONIO DE POSSE,4345,23244,78794.3,0.702,0.459,90.65,90.43,99.77,69.8,167.5,43.33,100.0,93.16,84.87,SIM,Sim,Não,Sim,Sim,18692.99604198933,True
354805,SANTO ANTONIO DO ARACANGUA,32,8379,33916.19,0.757,0.413,78.45,78.45,98.3,98.53,491.6,26.09,100.0,77.77,84.25,NAO,Sim,Não,Não,Não,381.90714882444206,True
354810,SANTO ANTONIO DO JARDIM,465,6126,37602.53,0.714,0.43,54.47,53.66,100.0,100.0,167.0,20.8,100.0,,98.12,NAO,Sim,Não,Não,Não,7590.597453476983,True
354820,SANTO ANTONIO DO PINHAL,94,7133,21690.65,0.706,0.476,49.92,28.29,56.75,51.5,218.7,24.39,100.0,99.13,80.82,SIM,Sim,Não,Sim,Sim,1317.8185896537225,True
354830,SANTO EXPEDITO,229,3000,14964.67,0.732,0.417,88.23,80.67,100.0,97.31,172.1,8.16,100.0,97.33,99.42,SIM,Sim,Não,Não,Não,7633.333333333334,True
354840,SANTOPOLIS DO AGUAPEI,33,3899,16609.02,0.74,0.352,100.0,100.0,93.67,100.0,153.5,19.0,100.0,100.0,99.54,NAO,Sim,Não,Não,Não,846.3708643241857,True
354850,SANTOS,5554,418608,55508.46,0.84,0.562,98.3,95.89,100.0,81.92,234.6,16.81,100.0,98.91,98.28,SIM,Sim,Sim,Sim,Sim,1326.7782746626915,True
354860,SAO BENTO DO SAPUCAI,647,11674,37283.14,0.72,0.557,59.25,43.24,100.0,69.26,191.3,7.57,100.0,68.53,85.79,SIM,Sim,Sim,Não,Não,5542.230597909885,True
354870,SAO BERNARDO DO CAMPO,13259,810729,68571.36,0.805,0.553,98.27,91.83,100.0,74.35,163.6,29.61,42.93,99.98,94.23,SIM,Não,Sim,Não,Não,1635.4416827324542,True
354880,SAO CAETANO DO SUL,8995,165655,95640.71,0.862,0.548,100.0,100.0,100.0,85.0,229.3,18.5,100.0,100.0,99.9,SIM,Sim,Sim,Sim,Sim,5429.959856327911,True
354890,SAO CARLOS,15890,254857,55044.88,0.805,0.499,100.0,100.0,100.0,91.35,261.1,41.66,96.62,99.99,97.57,SIM,Sim,Sim,Sim,Sim,6234.868965733725,True
354900,SAO FRANCISCO,143,2602,18189.76,0.723,0.46,82.86,80.86,100.0,100.0,177.9,11.99,100.0,96.08,99.6,NAO,Sim,Sim,Não,Não,5495.772482705611,True
354910,SAO JOAO DA BOA VISTA,7338,92547,44794.34,0.797,0.515,93.08,92.2,100.0,95.81,200.1,25.06,100.0,95.77,98.74,SIM,Sim,Não,Não,Sim,7928.944212130053,True
354920,SAO JOAO DAS DUAS PONTES,64,2580,20591.79,0.72,0.364,78.18,77.21,100.0,99.99,172.7,10.43,100.0,92.09,98.49,NAO,Não,Não,Não,Não,2480.6201550387595,True
354925,SAO JOAO DE IRACEMA,26,1846,26507.78,0.748,0.369,75.84,75.84,99.49,80.91,201.6,1.17,100.0,,98.56,NAO,Sim,Não,Não,Não,1408.4507042253522,True
354930,SAO JOAO DO PAU D'ALHO,49,2242,27920.27,0.75,0.334,80.15,80.15,98.88,100.0,308.7,8.68,80.0,80.51,86.81,SIM,Não,Não,Não,Sim,2185.5486173059767,True
354940,SAO JOAQUIM DA BARRA,431,48558,41547.41,0.762,0.419,98.97,98.97,100.0,98.89,241.5,57.73,100.0,97.2,99.34,SIM,Sim,Não,Não,Não,887.5983360105441,True
354950,SAO JOSE DA BELA VISTA,46,7626,25749.88,0.693,0.465,100.0,100.0,100.0,94.5,237.4,39.83,100.0,89.23,93.55,NAO,Sim,Não,Não,Não,603.1995803829006,True
354960,SAO JOSE DO BARREIRO,196,3853,15297.56,0.684,0.548,89.46,89.46,99.52,100.0,262.5,12.5,0.0,90.42,94.04,NAO,Sim,Não,Não,Não,5086.94523747729,True
354970,SAO JOSE DO RIO PARDO,6730,52205,42952.13,0.774,0.494,100.0,100.0,100.0,93.56,165.5,28.57,13.99,98.97,97.76,NAO,Não,Não,Não,Não,12891.485489895604,True
354980,SAO JOSE DO RIO PRETO,36328,480393,44679.93,0.797,0.508,100.0,93.0,100.0,91.36,235.6,20.54,100.0,99.01,95.96,SIM,Sim,Não,Não,Não,7562.141829710257,True
354990,SAO JOSE DOS CAMPOS,98217,697054,61315.88,0.807,0.563,96.79,95.53,100.0,89.28,159.5,41.84,100.0,97.97,95.91,SIM,Sim,Sim,Sim,Sim,14090.300034143696,True
354995,SAO LOURENCO DA SERRA,152,16067,17697.76,0.728,0.515,42.92,27.71,32.85,57.01,177.9,35.23,100.0,90.6,70.73,NAO,Não,Sim,Sim,Não,946.0384639322835,True
355000,SAO LUIS DO PARAITINGA,925,10337,19098.4,0.697,0.484,47.16,44.2,90.12,88.3,165.5,32.95,100.0,96.74,89.67,SIM,Sim,Sim,Sim,Sim,8948.43765115604,True
355010,SAO MANUEL,4442,37289,32463.42,0.744,0.461,94.39,92.43,100.0,96.92,171.9,33.77,100.0,97.58,94.5,SIM,Sim,Não,Não,Não,11912.36021346778,True
355020,SAO MIGUEL ARCANJO,448,32039,28853.83,0.71,0.582,64.75,52.13,87.97,82.29,141.6,16.71,100.0,87.39,80.8,SIM,Sim,Sim,Sim,Não,1398.2958269608914,True
355030,SAO PAULO,631379,11451999,66872.84,0.805,0.645,99.29,97.31,100.0,75.24,167.1,30.07,97.14,98.27,96.37,SIM,Não,Sim,Sim,Sim,5513.264540103435,True
355040,SAO PEDRO,1466,38256,24418.31,0.755,0.477,85.76,83.25,99.12,95.0,169.1,49.37,65.62,85.65,87.62,SIM,Sim,Não,Não,Não,3832.0786281890414,True
355050,SAO PEDRO DO TURVO,541,7217,30342.39,0.703,0.39,99.14,70.93,97.72,85.48,230.2,2.36,100.0,96.99,99.92,SIM,Sim,Não,Sim,Não,7496.189552445615,True
355060,SAO ROQUE,1289,79484,37074.85,0.768,0.511,72.44,49.8,52.59,71.63,171.9,45.94,99.36,100.0,80.45,SIM,Sim,Não,Não,Sim,1621.7100296915105,True
355070,SAO SEBASTIAO,5474,81595,174696.31,0.772,0.502,71.13,59.61,61.11,79.39,216.2,32.5,100.0,100.0,57.2,SIM,Sim,Sim,Não,Não,6708.744408358355,True
355080,SAO SEBASTIAO DA GRAMA,842,10441,35304.59,0.701,0.416,76.58,76.58,100.0,80.0,188.5,17.51,100.0,95.78,98.75,NAO,Sim,Não,Não,Não,8064.361651182838,True
355090,SAO SIMAO,76,13442,32456.75,0.766,0.46,99.49,99.49,97.91,19.12,297.1,49.16,0.0,89.66,85.73,NAO,Não,Sim,Sim,Sim,565.3920547537568,True
355100,SAO VICENTE,1291,329911,16506.51,0.768,0.489,93.31,82.18,78.74,74.5,165.3,47.56,100.0,99.81,90.28,SIM,Sim,Sim,Sim,Não,391.3176583987803,True
355110,SARAPUI,415,10369,19433.04,0.707,0.513,78.65,47.69,69.06,70.41,172.5,19.97,100.0,91.62,50.9,SIM,Não,Não,Não,Não,4002.314591571029,True
355120,SARUTAIA,181,3704,26651.32,0.688,0.445,79.32,75.49,100.0,92.68,160.4,11.99,100.0,81.83,98.63,SIM,Não,Não,Não,Não,4886.609071274298,True
355130,SEBASTIANOPOLIS DO SUL,42,3130,116133.14,0.773,0.426,74.03,74.12,100.0,100.0,195.8,10.31,100.0,100.0,100.0,SIM,Sim,Não,Não,Não,1341.85303514377,True
355140,SERRA AZUL,270,12746,12785.98,0.686,0.457,83.86,57.12,78.67,72.65,183.6,21.12,100.0,79.63,97.45,NAO,Sim,Sim,Sim,Não,2118.3116271771537,True
355150,SERRANA,5193,43909,29221.73,0.729,0.382,100.0,100.0,96.51,99.84,148.3,75.03,90.05,98.94,99.06,NAO,Sim,Não,Não,Não,11826.7325605229,True
355160,SERRA NEGRA,282,29894,28485.03,0.767,0.484,78.02,65.47,76.34,81.31,204.5,22.79,100.0,98.0,90.78,NAO,Sim,Sim,Sim,Sim,943.3331103231418,True
355170,SERTAOZINHO,2162,126887,55352.42,0.761,0.475,99.61,99.61,100.0,80.0,221.8,47.63,100.0,99.43,99.17,SIM,Sim,Sim,Sim,Não,1703.8782538794358,True
355180,SETE BARRAS,377,12730,29783.21,0.673,0.516,56.89,46.47,100.0,73.84,165.3,20.98,100.0,94.93,88.78,SIM,Sim,Não,Sim,Sim,2961.508248232521,True
355190,SEVERINIA,541,14576,15258.78,0.715,0.42,100.0,99.26,99.48,99.89,270.6,0.02,60.0,91.67,97.45,NAO,Sim,Sim,Sim,Não,3711.5806805708016,True
355200,SILVEIRAS,207,6186,14518.99,0.678,0.48,46.28,39.38,100.0,92.24,155.1,18.21,100.0,88.91,99.29,NAO,Sim,Sim,Sim,Sim,3346.265761396702,True
355210,SOCORRO,5068,40122,26870.22,0.729,0.452,51.68,49.29,82.34,71.91,186.3,27.73,99.08,93.46,98.05,SIM,Sim,Sim,Sim,Não,12631.474004286923,True
355220,SOROCABA,46666,723682,64046.61,0.798,0.529,98.51,98.54,99.23,92.76,181.7,35.81,98.92,99.99,94.34,SIM,Sim,Sim,Não,Não,6448.412424241586,True
355230,SUD MENNUCCI,151,7355,29307.88,0.747,0.541,85.76,84.54,100.0,100.0,165.2,18.39,100.0,95.13,99.86,NAO,Não,Não,Não,Não,2053.025152957172,True
355240,SUMARE,6640,279545,55816.79,0.762,0.474,98.82,98.82,100.0,80.42,152.6,35.45,29.48,100.0,94.36,NAO,Sim,Não,Sim,Não,2375.288415103114,True
355250,SUZANO,9112,307429,48818.92,0.765,0.491,93.74,88.78,100.0,77.67,140.3,23.05,71.49,99.98,87.53,NAO,Sim,Sim,Sim,Sim,2963.9363885645143,True
355255,SUZANAPOLIS,317,3408,84169.56,0.699,0.421,64.94,64.94,99.19,41.15,270.4,16.78,100.0,97.27,95.9,NAO,Sim,Sim,Sim,Sim,9301.643192488262,True
355260,TABAPUA,928,11323,22859.37,0.735,0.397,100.0,100.0,100.0,94.3,318.2,11.82,100.0,100.0,98.71,NAO,Sim,Não,Não,Não,8195.707851276164,True
355270,TABATINGA,191,14769,20278.99,0.704,0.407,98.75,98.75,99.15,80.0,180.1,28.66,99.82,85.21,99.46,SIM,Sim,Não,Sim,Não,1293.2493736881306,True
355280,TABOAO DA SERRA,5921,273542,34588.58,0.769,0.49,100.0,97.32,100.0,72.84,140.9,14.36,87.13,100.0,95.25,SIM,Sim,Sim,Não,Não,2164.567050032536,True
355290,TACIBA,18,6260,29259.48,0.723,0.386,84.07,81.88,100.0,99.98,149.5,15.19,100.0,84.68,100.0,SIM,Sim,Não,Sim,Sim,287.5399361022364,False
355300,TAGUAI,2207,12669,23824.33,0.709,0.372,88.7,86.86,100.0,98.15,130.7,6.75,100.0,94.72,99.56,SIM,Não,Não,Não,Não,17420.475175625543,True
355310,TAIACU,83,5677,17319.16,0.71,0.422,100.0,100.0,100.0,93.53,204.2,20.71,100.0,90.58,99.46,NAO,Sim,Não,Não,Não,1462.0398097586751,True
355320,TAIUVA,350,6548,25108.07,0.76,0.424,100.0,100.0,100.0,98.85,433.0,0.0,100.0,100.0,97.74,NAO,Sim,Não,Não,Não,5345.143555284057,True
355330,TAMBAU,2864,21435,30119.07,0.731,0.453,89.02,89.02,99.8,99.91,446.9,2.71,100.0,89.02,88.91,NAO,Sim,Não,Não,Não,13361.32493585258,True
355340,TANABI,652,25265,50458.24,0.748,0.421,99.23,96.33,98.47,79.19,224.7,21.97,100.0,90.73,95.78,SIM,Sim,Não,Sim,Sim,2580.6451612903224,True
355350,TAPIRAI,96,7996,23966.14,0.681,0.444,49.39,46.55,89.91,92.09,154.5,29.33,100.0,87.54,63.41,SIM,Sim,Sim,Não,Sim,1200.600300150075,True
355360,TAPIRATIBA,1372,11816,23275.49,0.751,0.406,83.71,82.06,100.0,87.8,167.9,40.85,100.0,81.87,92.42,SIM,Não,Não,Sim,Não,11611.374407582938,True
355365,TAQUARAL,157,2619,16647.2,0.759,0.519,100.0,100.0,99.85,99.47,170.5,0.0,100.0,95.88,99.38,NAO,Sim,Não,Não,Não,5994.654448262696,True
355370,TAQUARITINGA,174,52260,28846.24,0.748,0.468,94.0,94.0,100.0,97.85,226.0,24.06,100.0,94.0,98.76,NAO,Sim,Não,Não,Não,332.95063145809416,True
355380,TAQUARITUBA,459,24350,42424.52,0.701,0.495,81.55,84.74,100.0,100.0,148.8,17.6,100.0,87.89,97.03,SIM,Sim,Não,Não,Sim,1885.010266940452,True
355385,TAQUARIVAI,28,6876,61548.88,0.679,0.438,66.2,35.76,89.78,59.87,126.7,30.03,100.0,100.0,89.86,NAO,Não,Não,Não,Não,407.2134962187319,True
355390,TARABAI,89,6536,22125.16,0.726,0.399,90.91,89.2,93.7,100.0,144.7,11.35,100.0,92.44,97.61,SIM,Não,Não,Não,Não,1361.689106487148,True
355395,TARUMA,619,14882,58396.99,0.753,0.549,96.51,96.36,100.0,97.24,177.4,19.7,100.0,94.21,99.89,SIM,Sim,Não,Não,Não,4159.387179142588,True
355400,TATUI,879,123942,40892.85,0.752,0.478,91.06,84.18,100.0,90.35,154.3,38.27,100.0,97.63,97.62,SIM,Sim,Sim,Sim,Sim,709.2026915815462,True
355410,TAUBATE,27527,310739,50495.56,0.8,0.518,92.78,90.8,100.0,85.61,170.0,29.64,100.0,100.0,98.33,SIM,Sim,Sim,Sim,Sim,8858.559755936654,True
355420,TEJUPA,128,4127,31023.44,0.668,0.481,56.51,54.23,100.0,100.0,64.5,61.48,7.09,72.69,93.96,SIM,Não,Não,Não,Não,3101.526532590259,True
355430,TEODORO SAMPAIO,72,22173,26801.81,0.741,0.474,84.77,84.22,100.0,97.88,161.1,19.57,100.0,81.36,86.71,NAO,Não,Não,Não,Não,324.71925314571774,True
355440,TERRA ROXA,48,7904,18410.36,0.749,0.452,96.93,97.41,94.0,100.0,173.7,17.3,100.0,99.99,100.0,NAO,Sim,Não,Sim,Não,607.2874493927126,True
355450,TIETE,1379,37663,50258.52,0.778,0.494,92.05,84.66,91.48,80.0,171.5,56.36,60.0,100.0,96.11,SIM,Sim,Sim,Sim,Sim,3661.418368159733,True
355460,TIMBURI,34,2464,25047.71,0.71,0.473,61.36,60.23,100.0,99.98,173.0,24.76,100.0,90.99,96.98,SIM,Não,Não,Não,Não,1379.87012987013,True
355465,TORRE DE PEDRA,62,2046,15524.93,0.714,0.394,100.0,69.21,100.0,77.52,215.5,29.06,100.0,99.71,91.92,SIM,Sim,Não,Não,Não,3030.3030303030305,True
355470,TORRINHA,1593,9335,28177.45,0.744,0.442,83.27,81.83,100.0,82.04,171.6,45.87,100.0,84.8,86.48,NAO,Sim,Não,Não,Sim,17064.809855382966,True
355475,TRABIJU,18,1682,25639.0,0.722,0.398,100.0,100.0,99.01,72.43,275.3,9.66,100.0,94.89,99.76,NAO,Não,Não,Não,Não,1070.154577883472,True
355480,TREMEMBE,4302,51173,18591.56,0.785,0.539,96.47,92.72,100.0,86.49,152.4,28.21,100.0,100.0,82.58,NAO,Sim,Não,Não,Não,8406.77701131456,True
355490,TRES FRONTEIRAS,192,6804,20839.4,0.753,0.412,95.37,87.29,100.0,100.0,203.2,13.54,100.0,95.53,97.27,NAO,Sim,Não,Não,Não,2821.869488536155,True
355495,TUIUTI,242,6778,25756.65,0.728,0.391,50.46,39.1,74.99,87.64,193.9,48.89,0.0,100.0,81.32,NAO,Sim,Não,Não,Não,3570.374741811744,True
355500,TUPA,1060,63928,33732.18,0.771,0.552,92.22,91.54,100.0,100.0,191.0,15.14,100.0,94.47,98.9,SIM,Sim,Sim,Sim,Sim,1658.1153798022774,True
355510,TUPI PAULISTA,93,15854,21720.31,0.769,0.495,98.84,98.84,100.0,91.31,261.0,11.63,100.0,78.46,97.64,SIM,Não,Sim,Sim,Sim,586.6027500946134,True
355520,TURIUBA,23,1818,27877.78,0.751,0.367,70.74,70.19,100.0,100.0,191.9,13.23,100.0,80.97,98.45,NAO,Sim,Não,Não,Não,1265.126512651265,True
355530,TURMALINA,75,1669,44206.07,0.736,0.399,76.87,74.72,100.0,100.0,198.1,18.96,100.0,71.96,99.42,NAO,Sim,Não,Não,Não,4493.708807669264,True
355535,UBARANA,158,5365,32774.2,0.7,0.359,100.0,100.0,100.0,70.0,170.1,19.22,100.0,100.0,91.12,NAO,Sim,Não,Não,Não,2945.013979496738,True
355540,UBATUBA,6819,92981,29152.88,0.751,0.597,76.19,41.74,35.7,40.38,300.7,24.29,100.0,98.67,55.17,NAO,Sim,Sim,Sim,Sim,7333.756358825996,True
355550,UBIRAJARA,194,5132,23709.14,0.727,0.422,61.71,60.21,100.0,98.44,185.3,12.2,100.0,68.61,99.06,SIM,Sim,Não,Não,Não,3780.202650038971,True
355560,UCHOA,269,10394,39430.92,0.721,0.399,96.85,96.85,99.61,98.75,183.5,20.35,0.0,90.0,97.82,NAO,Sim,Não,Não,Não,2588.031556667308,True
355570,UNIAO PAULISTA,13,1603,30538.05,0.749,0.362,82.41,81.85,98.48,99.97,182.0,8.92,100.0,73.3,98.74,NAO,Sim,Não,Não,Não,810.9794135995008,True
355580,URANIA,730,8833,31344.02,0.746,0.465,88.27,87.43,100.0,100.0,172.6,14.4,100.0,84.22,98.21,NAO,Sim,Não,Não,Não,8264.462809917355,True
355590,URU,19,1387,40623.52,0.712,0.422,63.81,63.09,100.0,99.95,212.6,10.13,100.0,86.45,98.67,NAO,Não,Não,Não,Sim,1369.86301369863,True
355600,URUPES,508,13744,34609.7,0.745,0.424,89.92,89.92,99.45,93.71,451.1,3.65,89.14,87.67,99.87,NAO,Sim,Não,Não,Não,3696.1583236321294,True
355610,VALENTIM GENTIL,1077,14098,31863.26,0.735,0.372,90.66,90.54,100.0,99.95,172.8,11.83,100.0,100.0,99.38,SIM,Sim,Sim,Sim,Não,7639.3814725492975,True
355620,VALINHOS,6718,126373,59842.76,0.819,0.553,93.49,89.03,94.6,98.13,164.8,44.24,100.0,99.96,95.6,SIM,Não,Sim,Sim,Sim,5316.008957609616,True
355630,VALPARAISO,180,24241,45529.09,0.725,0.461,98.08,98.08,100.0,70.0,172.5,50.97,100.0,98.08,95.49,SIM,Sim,Não,Não,Sim,742.5436244379357,True
355635,VARGEM,658,10512,14148.82,0.699,0.39,42.13,31.36,68.01,76.16,170.7,23.56,95.95,,68.08,NAO,Não,Não,Não,Não,6259.51293759513,True
355640,VARGEM GRANDE DO SUL,3586,40133,29684.07,0.737,0.426,98.52,98.52,100.0,93.62,213.3,9.38,95.0,95.18,96.29,SIM,Sim,Sim,Não,Não,8935.290160217279,True
355645,VARGEM GRANDE PAULISTA,2099,50415,53359.16,0.77,0.52,96.93,45.94,35.34,29.47,125.1,33.12,34.45,99.84,84.87,NAO,Não,Sim,Sim,Não,4163.443419617177,True
355650,VARZEA PAULISTA,3277,115771,31913.34,0.759,0.433,87.31,85.46,92.94,93.88,140.1,30.74,100.0,100.0,83.69,SIM,Sim,Sim,Sim,Sim,2830.587971080841,True
355660,VERA CRUZ,529,10176,22231.9,0.754,0.45,83.23,83.23,90.16,76.19,142.2,53.43,94.7,87.1,88.57,SIM,Sim,Não,Não,Não,5198.506289308176,True
355670,VINHEDO,4832,76540,154054.53,0.817,0.545,97.1,90.05,91.46,85.0,196.1,28.59,99.95,96.86,95.71,SIM,Sim,Sim,Não,Sim,6313.038933890776,True
355680,VIRADOURO,874,17414,23190.53,0.739,0.405,99.99,99.99,100.0,96.35,225.8,28.49,100.0,97.07,99.5,SIM,Sim,Não,Não,Sim,5018.950269897783,True
355690,VISTA ALEGRE DO ALTO,742,8109,46388.5,0.744,0.356,97.72,97.72,100.0,96.73,157.1,16.95,100.0,98.66,98.81,NAO,Não,Não,Não,Não,9150.32679738562,True
355695,VITORIA BRASIL,12,1794,24394.51,0.725,0.36,84.06,83.84,100.0,100.0,176.5,14.29,100.0,96.43,87.66,SIM,Sim,Não,Não,Não,668.8963210702341,True
355700,VOTORANTIM,9513,127923,31487.9,0.767,0.41,96.29,95.68,99.37,80.26,173.6,17.21,93.01,97.3,95.07,SIM,Sim,Não,Não,Não,7436.504772402149,True
355710,VOTUPORANGA,11880,96634,40190.41,0.79,0.499,100.0,100.0,100.0,80.0,184.9,33.81,100.0,97.36,98.61,SIM,Sim,Sim,Sim,Sim,12293.809632220544,True
355715,ZACARIAS,13,2692,46763.19,0.729,0.392,70.02,65.68,100.0,99.99,189.8,15.05,100.0,81.72,96.24,NAO,Sim,Não,Não,Não,482.91233283803865,True
355720,CHAVANTES,558,12211,21448.28,0.729,0.481,93.71,90.1,96.35,93.93,165.7,53.87,100.0,91.04,99.39,NAO,Sim,Não,Não,Não,4569.650315289493,True
355730,ESTIVA GERBI,112,11295,33843.06,0.74,0.419,100.0,88.92,87.28,98.71,127.1,36.88,0.0,98.27,96.72,NAO,Sim,Não,Não,Não,991.5891987605136,True
